claim_id,claim,raveil_state,disposition,local_evidence,system,status,source_ids,source_urls,locator,rationale,next_evidence
C01,演算間のproducer–consumer依存を実行表現に明示する,部分実装,既知,raveil/static_region.py:compile_static_stencil_descriptor; RFC-0001 §Proposal,Groq,P,G1,https://www.researchgate.net/publication/342914141_Think_Fast_A_Tensor_Streaming_Processor_TSP_for_Accelerating_Deep_Learning_Workloads,"§I.A–B, printed pp.146–147: functional slicing / parallel lanes and streams",producer-consumer streamsは明示的。Raveilの任意DAG/object契約と同一ではない。,明示グラフ自体は撤回対象。残るのはeffects/authorityを含む契約の検証可能性。
C01,演算間のproducer–consumer依存を実行表現に明示する,部分実装,既知,raveil/static_region.py:compile_static_stencil_descriptor; RFC-0001 §Proposal,SambaNova,E,S1,https://hc33.hotchips.org/assets/program/conference/day2/SambaNova%20HotChips%202021%20Aug%2023%20v1.pdf,slides 5–6: SambaFlow / spatial compilation,SambaFlowがdataflow graphをspatial mappingへ変換。,明示グラフ自体は撤回対象。残るのはeffects/authorityを含む契約の検証可能性。
C01,演算間のproducer–consumer依存を実行表現に明示する,部分実装,既知,raveil/static_region.py:compile_static_stencil_descriptor; RFC-0001 §Proposal,Graphcore,P,I2,https://docs.graphcore.ai/projects/ipu-programmers-guide/en/3.3.0/programming_model.html,§3.2.1 Data variables; §3.2.2 Copying data and executing compute sets; §3.2.4 Compute sets,compute-set/vertexのgraph。命令粒度のconsumer encodingと異なる。,明示グラフ自体は撤回対象。残るのはeffects/authorityを含む契約の検証可能性。
C01,演算間のproducer–consumer依存を実行表現に明示する,部分実装,既知,raveil/static_region.py:compile_static_stencil_descriptor; RFC-0001 §Proposal,Cerebras,P,C1,https://cerebras-sdk-docs-140.netlify.app/computing-with-cerebras,Communication and examples of @bind_data_task,colorでcommunicationとtaskを結ぶ。任意命令DAGの全依存表現とは異なる。,明示グラフ自体は撤回対象。残るのはeffects/authorityを含む契約の検証可能性。
C01,演算間のproducer–consumer依存を実行表現に明示する,部分実装,既知,raveil/static_region.py:compile_static_stencil_descriptor; RFC-0001 §Proposal,Tenstorrent,P,T1,https://docs.tenstorrent.com/tt-metal/v0.59.0/tt-metalium/tt_metal/examples/eltwise_binary.html,Circular buffers,kernel間依存はCBで明示。命令DAGと同一でない。,明示グラフ自体は撤回対象。残るのはeffects/authorityを含む契約の検証可能性。
C01,演算間のproducer–consumer依存を実行表現に明示する,部分実装,既知,raveil/static_region.py:compile_static_stencil_descriptor; RFC-0001 §Proposal,Plasticine,E,P1,https://csl.stanford.edu/~christos/publications/2017.plasticine.isca.pdf,"§2 Parallel Patterns, PDF pp.2–3",parallel patternsから依存を持つ実行構造を構成。,明示グラフ自体は撤回対象。残るのはeffects/authorityを含む契約の検証可能性。
C01,演算間のproducer–consumer依存を実行表現に明示する,部分実装,既知,raveil/static_region.py:compile_static_stencil_descriptor; RFC-0001 §Proposal,TRIPS,E,R1,https://www.cs.utexas.edu/~mckinley/papers/trips-eval-asplos-2009.pdf,"§2 TRIPS System Overview, PDF pp.2–3: EDGE ISA and block outputs",producer命令がconsumer targetをencode。,明示グラフ自体は撤回対象。残るのはeffects/authorityを含む契約の検証可能性。
C01,演算間のproducer–consumer依存を実行表現に明示する,部分実装,既知,raveil/static_region.py:compile_static_stencil_descriptor; RFC-0001 §Proposal,EDGE,E,E1,https://www.cs.utexas.edu/~cart/trips/publications/computer04.pdf,"EDGE ISA discussion, printed p.46 / PDF p.3",ISAがproducerからconsumerへの直接依存を伝える。,明示グラフ自体は撤回対象。残るのはeffects/authorityを含む契約の検証可能性。
C01,演算間のproducer–consumer依存を実行表現に明示する,部分実装,既知,raveil/static_region.py:compile_static_stencil_descriptor; RFC-0001 §Proposal,CGRA,P,A1,https://cecs.uci.edu/~papers/date08/PAPERS/2004/DATE04/PDFFILES/09G_2.PDF,"§3 C-Based Design Flow, PDF pp.2–3",dataflow-like kernelのmodulo scheduling。実行表現の明示producer-consumer edgeはこの論文では未確認。,明示グラフ自体は撤回対象。残るのはeffects/authorityを含む契約の検証可能性。
C01,演算間のproducer–consumer依存を実行表現に明示する,部分実装,既知,raveil/static_region.py:compile_static_stencil_descriptor; RFC-0001 §Proposal,dataflow machine,E,D1,https://cartheur.com/Files/manchester-data-flow.pdf,"printed pp.34–39 / PDF pp.1–6: graphs, firing rules, static versus dynamic dataflow",graph arcで値と依存を明示。,明示グラフ自体は撤回対象。残るのはeffects/authorityを含む契約の検証可能性。
C02,メモリアクセスにobject単位のREAD/WRITE effectを付ける,限定実装,部分重複,raveil/static_region.py:compile_static_stencil_descriptor; RFC-0001 §Proposal,Groq,P,G1,https://www.researchgate.net/publication/342914141_Think_Fast_A_Tensor_Streaming_Processor_TSP_for_Accelerating_Deep_Learning_Workloads,"§I.A–B, printed pp.146–147: functional slicing / parallel lanes and streams",MEM Read/Writeを明示するがcapability付きobject effectsは未確認。,read/write命令やmemory orderとcapability付きobject effectは別。型付きeffect/領域解析との追加比較が必要。
C02,メモリアクセスにobject単位のREAD/WRITE effectを付ける,限定実装,部分重複,raveil/static_region.py:compile_static_stencil_descriptor; RFC-0001 §Proposal,SambaNova,P,S1,https://hc33.hotchips.org/assets/program/conference/day2/SambaNova%20HotChips%202021%20Aug%2023%20v1.pdf,"slides 11–16: tile, PCU, PMU, address generation, switch",PMU/AGがmemory動作を明示。object権限契約は未確認。,read/write命令やmemory orderとcapability付きobject effectは別。型付きeffect/領域解析との追加比較が必要。
C02,メモリアクセスにobject単位のREAD/WRITE effectを付ける,限定実装,部分重複,raveil/static_region.py:compile_static_stencil_descriptor; RFC-0001 §Proposal,Graphcore,P,I2,https://docs.graphcore.ai/projects/ipu-programmers-guide/en/3.3.0/programming_model.html,§3.2.1 Data variables; §3.2.2 Copying data and executing compute sets; §3.2.4 Compute sets,compute setの変数アクセス集合は固定。capability effect契約ではない。,read/write命令やmemory orderとcapability付きobject effectは別。型付きeffect/領域解析との追加比較が必要。
C02,メモリアクセスにobject単位のREAD/WRITE effectを付ける,限定実装,部分重複,raveil/static_region.py:compile_static_stencil_descriptor; RFC-0001 §Proposal,Cerebras,U,C1,https://cerebras-sdk-docs-140.netlify.app/computing-with-cerebras,Cerebras SDK documentation 1.4.0: A processing element (PE); The programming model; Programs and Tasks; Task IDs and Types of Tasks; Communication; Communication and examples of @bind_data_task,確認したCerebras資料では「メモリアクセスにobject単位のREAD/WRITE effectを付ける」を判定する記載を確認できない。機能の不存在・独自性を意味しない。,read/write命令やmemory orderとcapability付きobject effectは別。型付きeffect/領域解析との追加比較が必要。
C02,メモリアクセスにobject単位のREAD/WRITE effectを付ける,限定実装,部分重複,raveil/static_region.py:compile_static_stencil_descriptor; RFC-0001 §Proposal,Tenstorrent,P,T1,https://docs.tenstorrent.com/tt-metal/v0.59.0/tt-metalium/tt_metal/examples/eltwise_binary.html,Data movement and compute kernels,reader/writerがmemory操作を明示。versioned object effectは未確認。,read/write命令やmemory orderとcapability付きobject effectは別。型付きeffect/領域解析との追加比較が必要。
C02,メモリアクセスにobject単位のREAD/WRITE effectを付ける,限定実装,部分重複,raveil/static_region.py:compile_static_stencil_descriptor; RFC-0001 §Proposal,Plasticine,P,P1,https://csl.stanford.edu/~christos/publications/2017.plasticine.isca.pdf,"§2 Parallel Patterns, PDF pp.2–3",入力collectionと出力を区別。version/capability契約とは異なる。,read/write命令やmemory orderとcapability付きobject effectは別。型付きeffect/領域解析との追加比較が必要。
C02,メモリアクセスにobject単位のREAD/WRITE effectを付ける,限定実装,部分重複,raveil/static_region.py:compile_static_stencil_descriptor; RFC-0001 §Proposal,TRIPS,P,R1,https://www.cs.utexas.edu/~mckinley/papers/trips-eval-asplos-2009.pdf,"§2 TRIPS System Overview, PDF pp.2–3: EDGE ISA and block outputs",load/storeとblock outputsを表すがversioned object effectsではない。,read/write命令やmemory orderとcapability付きobject effectは別。型付きeffect/領域解析との追加比較が必要。
C02,メモリアクセスにobject単位のREAD/WRITE effectを付ける,限定実装,部分重複,raveil/static_region.py:compile_static_stencil_descriptor; RFC-0001 §Proposal,EDGE,P,E1,https://www.cs.utexas.edu/~cart/trips/publications/computer04.pdf,"Architecture Comparisons, printed p.45 / PDF p.2",従来memory semanticsを扱う。object capabilityを表す根拠ではない。,read/write命令やmemory orderとcapability付きobject effectは別。型付きeffect/領域解析との追加比較が必要。
C02,メモリアクセスにobject単位のREAD/WRITE effectを付ける,限定実装,部分重複,raveil/static_region.py:compile_static_stencil_descriptor; RFC-0001 §Proposal,CGRA,P,A1,https://cecs.uci.edu/~papers/date08/PAPERS/2004/DATE04/PDFFILES/09G_2.PDF,"§2 ADRES Architecture Overview, PDF pp.1–2",memoryアクセスを持つFU。versioned effectsは未確認。,read/write命令やmemory orderとcapability付きobject effectは別。型付きeffect/領域解析との追加比較が必要。
C02,メモリアクセスにobject単位のREAD/WRITE effectを付ける,限定実装,部分重複,raveil/static_region.py:compile_static_stencil_descriptor; RFC-0001 §Proposal,dataflow machine,P,D2,https://homes.cs.washington.edu/~oskin/wavescalar.pdf,"§3, wave-ordered memory",wave-ordered memoryでeffectsを順序づける。object capabilityとは異なる。,read/write命令やmemory orderとcapability付きobject effectは別。型付きeffect/領域解析との追加比較が必要。
C03,alias不明の領域を実行前admissionで拒否する,限定実装,部分重複,raveil/static_region.py:validate_static_stencil_descriptor; RFC-0005 §Alias and memory contract,Groq,U,G1,https://www.researchgate.net/publication/342914141_Think_Fast_A_Tensor_Streaming_Processor_TSP_for_Accelerating_Deep_Learning_Workloads,"ISCA 2020; DOI 10.1109/ISCA45697.2020.00023; author upload 2022-01-24: §I.A–B, printed pp.146–147: functional slicing / parallel lanes and streams; §II Architecture Overview, printed p.147; §II.C staggered instruction execution; §II, printed p.147 and §II.B memory bandwidth; §III.A instruction fetching",確認したGroq資料では「alias不明の領域を実行前admissionで拒否する」を判定する記載を確認できない。機能の不存在・独自性を意味しない。,現行は固定A/B記述の独立性検査。一般alias証明器の実装・独自性を主張しない。
C03,alias不明の領域を実行前admissionで拒否する,限定実装,部分重複,raveil/static_region.py:validate_static_stencil_descriptor; RFC-0005 §Alias and memory contract,SambaNova,U,S1,https://hc33.hotchips.org/assets/program/conference/day2/SambaNova%20HotChips%202021%20Aug%2023%20v1.pdf,"Hot Chips 33, 2021-08-24: slides 5–6: SambaFlow / spatial compilation; slides 11–16: tile, PCU, PMU, address generation, switch; slides 4, 11: host and RDU connectivity",確認したSambaNova資料では「alias不明の領域を実行前admissionで拒否する」を判定する記載を確認できない。機能の不存在・独自性を意味しない。,現行は固定A/B記述の独立性検査。一般alias証明器の実装・独自性を主張しない。
C03,alias不明の領域を実行前admissionで拒否する,限定実装,部分重複,raveil/static_region.py:validate_static_stencil_descriptor; RFC-0005 §Alias and memory contract,Graphcore,P,I2,https://docs.graphcore.ai/projects/ipu-programmers-guide/en/3.3.0/programming_model.html,§3.5.1 Variable liveness,変数liveness/配置を扱う。未知aliasをadmission拒否する同じ規則は未確認。,現行は固定A/B記述の独立性検査。一般alias証明器の実装・独自性を主張しない。
C03,alias不明の領域を実行前admissionで拒否する,限定実装,部分重複,raveil/static_region.py:validate_static_stencil_descriptor; RFC-0005 §Alias and memory contract,Cerebras,U,C1,https://cerebras-sdk-docs-140.netlify.app/computing-with-cerebras,Cerebras SDK documentation 1.4.0: A processing element (PE); The programming model; Programs and Tasks; Task IDs and Types of Tasks; Communication; Communication and examples of @bind_data_task,確認したCerebras資料では「alias不明の領域を実行前admissionで拒否する」を判定する記載を確認できない。機能の不存在・独自性を意味しない。,現行は固定A/B記述の独立性検査。一般alias証明器の実装・独自性を主張しない。
C03,alias不明の領域を実行前admissionで拒否する,限定実装,部分重複,raveil/static_region.py:validate_static_stencil_descriptor; RFC-0005 §Alias and memory contract,Tenstorrent,U,T1,https://docs.tenstorrent.com/tt-metal/v0.59.0/tt-metalium/tt_metal/examples/eltwise_binary.html,TT-Metalium v0.59.0: Circular buffers; Data movement and compute kernels; Host code / CreateKernel / EnqueueWriteBuffer; reader and compute kernel listings,確認したTenstorrent資料では「alias不明の領域を実行前admissionで拒否する」を判定する記載を確認できない。機能の不存在・独自性を意味しない。,現行は固定A/B記述の独立性検査。一般alias証明器の実装・独自性を主張しない。
C03,alias不明の領域を実行前admissionで拒否する,限定実装,部分重複,raveil/static_region.py:validate_static_stencil_descriptor; RFC-0005 §Alias and memory contract,Plasticine,P,P1,https://csl.stanford.edu/~christos/publications/2017.plasticine.isca.pdf,"§2 Parallel Patterns, PDF pp.2–3",Mapのiteration independence等を利用。未知aliasの独立admission規則は未確認。,現行は固定A/B記述の独立性検査。一般alias証明器の実装・独自性を主張しない。
C03,alias不明の領域を実行前admissionで拒否する,限定実装,部分重複,raveil/static_region.py:validate_static_stencil_descriptor; RFC-0005 §Alias and memory contract,TRIPS,D,R1,https://www.cs.utexas.edu/~mckinley/papers/trips-eval-asplos-2009.pdf,"§2, PDF p.3: TRIPS Microarchitecture",cache-backedのspeculative memory機構を保持。全aliasを開始前証明する候補ではない。,現行は固定A/B記述の独立性検査。一般alias証明器の実装・独自性を主張しない。
C03,alias不明の領域を実行前admissionで拒否する,限定実装,部分重複,raveil/static_region.py:validate_static_stencil_descriptor; RFC-0005 §Alias and memory contract,EDGE,U,E1,https://www.cs.utexas.edu/~cart/trips/publications/computer04.pdf,"IEEE Computer, July 2004, pp.44–55: Architecture Comparisons, printed p.45 / PDF p.2; EDGE ISA discussion, printed p.46 / PDF p.3; TRIPS architecture discussion, printed p.47 / PDF p.4",確認したEDGE資料では「alias不明の領域を実行前admissionで拒否する」を判定する記載を確認できない。機能の不存在・独自性を意味しない。,現行は固定A/B記述の独立性検査。一般alias証明器の実装・独自性を主張しない。
C03,alias不明の領域を実行前admissionで拒否する,限定実装,部分重複,raveil/static_region.py:validate_static_stencil_descriptor; RFC-0005 §Alias and memory contract,CGRA,U,A1,https://cecs.uci.edu/~papers/date08/PAPERS/2004/DATE04/PDFFILES/09G_2.PDF,"DATE 2004, 6-page conference paper: §2 ADRES Architecture Overview, PDF pp.1–2; §3 C-Based Design Flow, PDF pp.2–3",確認したCGRA資料では「alias不明の領域を実行前admissionで拒否する」を判定する記載を確認できない。機能の不存在・独自性を意味しない。,現行は固定A/B記述の独立性検査。一般alias証明器の実装・独自性を主張しない。
C03,alias不明の領域を実行前admissionで拒否する,限定実装,部分重複,raveil/static_region.py:validate_static_stencil_descriptor; RFC-0005 §Alias and memory contract,dataflow machine,D,D2,https://homes.cs.washington.edu/~oskin/wavescalar.pdf,"§3, wave-ordered memory",動的memory orderingを扱う。全aliasを事前拒否する静的候補とは異なる。,現行は固定A/B記述の独立性検査。一般alias証明器の実装・独自性を主張しない。
C04,実行前admissionで使用資源の上限を検証する,限定実装,部分重複,raveil/static_region.py:validate_static_stencil_descriptor; RFC-0005 §Construction and admission,Groq,P,G1,https://www.researchgate.net/publication/342914141_Think_Fast_A_Tensor_Streaming_Processor_TSP_for_Accelerating_Deep_Learning_Workloads,"§II Architecture Overview, printed p.147; §II.C staggered instruction execution",compilerはhardware stateとinstruction queueを管理。独立admission証明器は未確認。,配置時の資源制約は既知。敵対的proposalへの独立検査・証明書形式の差分は未評価。
C04,実行前admissionで使用資源の上限を検証する,限定実装,部分重複,raveil/static_region.py:validate_static_stencil_descriptor; RFC-0005 §Construction and admission,SambaNova,P,S1,https://hc33.hotchips.org/assets/program/conference/day2/SambaNova%20HotChips%202021%20Aug%2023%20v1.pdf,slides 5–6: SambaFlow / spatial compilation,資源へのspatial mapping。独立resource admissionは未確認。,配置時の資源制約は既知。敵対的proposalへの独立検査・証明書形式の差分は未評価。
C04,実行前admissionで使用資源の上限を検証する,限定実装,部分重複,raveil/static_region.py:validate_static_stencil_descriptor; RFC-0005 §Construction and admission,Graphcore,P,I2,https://docs.graphcore.ai/projects/ipu-programmers-guide/en/3.3.0/programming_model.html,§3.2.1 Data variables; §3.2.2 Copying data and executing compute sets; §3.2.4 Compute sets,tile mappingと固定変数をcompile。独立resource certificate検査は未確認。,配置時の資源制約は既知。敵対的proposalへの独立検査・証明書形式の差分は未評価。
C04,実行前admissionで使用資源の上限を検証する,限定実装,部分重複,raveil/static_region.py:validate_static_stencil_descriptor; RFC-0005 §Construction and admission,Cerebras,P,C1,https://cerebras-sdk-docs-140.netlify.app/computing-with-cerebras,A processing element (PE); The programming model,PE layoutとlocal memoryの構成。独立resource証明は未確認。,配置時の資源制約は既知。敵対的proposalへの独立検査・証明書形式の差分は未評価。
C04,実行前admissionで使用資源の上限を検証する,限定実装,部分重複,raveil/static_region.py:validate_static_stencil_descriptor; RFC-0005 §Construction and admission,Tenstorrent,P,T1,https://docs.tenstorrent.com/tt-metal/v0.59.0/tt-metalium/tt_metal/examples/eltwise_binary.html,Circular buffers,CBサイズ等を設定。独立admission検証は未確認。,配置時の資源制約は既知。敵対的proposalへの独立検査・証明書形式の差分は未評価。
C04,実行前admissionで使用資源の上限を検証する,限定実装,部分重複,raveil/static_region.py:validate_static_stencil_descriptor; RFC-0005 §Construction and admission,Plasticine,P,P1,https://csl.stanford.edu/~christos/publications/2017.plasticine.isca.pdf,"§3.1 PCU / §3.2 PMU, PDF pp.4–5",PCU/PMUへのresource mapping。proof-carrying admissionは未確認。,配置時の資源制約は既知。敵対的proposalへの独立検査・証明書形式の差分は未評価。
C04,実行前admissionで使用資源の上限を検証する,限定実装,部分重複,raveil/static_region.py:validate_static_stencil_descriptor; RFC-0005 §Construction and admission,TRIPS,P,R1,https://www.cs.utexas.edu/~mckinley/papers/trips-eval-asplos-2009.pdf,"§2, PDF pp.3–4: TRIPS Compiler",compilerがblock資源制約に適合。Raveilの独立authority検査とは別。,配置時の資源制約は既知。敵対的proposalへの独立検査・証明書形式の差分は未評価。
C04,実行前admissionで使用資源の上限を検証する,限定実装,部分重複,raveil/static_region.py:validate_static_stencil_descriptor; RFC-0005 §Construction and admission,EDGE,P,E1,https://www.cs.utexas.edu/~cart/trips/publications/computer04.pdf,"TRIPS architecture discussion, printed p.47 / PDF p.4",bounded blockへの分割。独立resource admissionとは別。,配置時の資源制約は既知。敵対的proposalへの独立検査・証明書形式の差分は未評価。
C04,実行前admissionで使用資源の上限を検証する,限定実装,部分重複,raveil/static_region.py:validate_static_stencil_descriptor; RFC-0005 §Construction and admission,CGRA,P,A1,https://cecs.uci.edu/~papers/date08/PAPERS/2004/DATE04/PDFFILES/09G_2.PDF,"§2 ADRES Architecture Overview, PDF pp.1–2",XMLでtopology/resource/timingを記述。独立admission authorityではない。,配置時の資源制約は既知。敵対的proposalへの独立検査・証明書形式の差分は未評価。
C04,実行前admissionで使用資源の上限を検証する,限定実装,部分重複,raveil/static_region.py:validate_static_stencil_descriptor; RFC-0005 §Construction and admission,dataflow machine,U,D1; D2,https://cartheur.com/Files/manchester-data-flow.pdf; https://homes.cs.washington.edu/~oskin/wavescalar.pdf,"CACM 28(1), January 1985, pp.34–52: printed pp.34–39 / PDF pp.1–6: graphs, firing rules, static versus dynamic dataflow; printed p.39 / PDF p.6: matching unit, tags, token queue, instruction store; MICRO-36 2003, 12-page author PDF: §1 Introduction, PDF pp.1–2: resident instructions in WaveCache; §3, wave-ordered memory; §4 WaveCache architecture",確認したdataflow machine資料では「実行前admissionで使用資源の上限を検証する」を判定する記載を確認できない。機能の不存在・独自性を意味しない。,配置時の資源制約は既知。敵対的proposalへの独立検査・証明書形式の差分は未評価。
C05,コンパイラが固定した演算scheduleで限定kernelを実行する,契約＋限定実装,既知,raveil/static_region.py:compile_static_stencil_descriptor; hardware/chisel/StaticStencilRegion.scala; RFC-0005 §Candidate boundary,Groq,E,G1,https://www.researchgate.net/publication/342914141_Think_Fast_A_Tensor_Streaming_Processor_TSP_for_Accelerating_Deep_Learning_Workloads,"§II Architecture Overview, printed p.147; §II.C staggered instruction execution",時間と資源をcompilerが事前scheduleする。,Groq/ADRESが直接先行。Raveil現在のowned-memory接続にはrequest/response待ちがあり、全系固定latencyとは別。
C05,コンパイラが固定した演算scheduleで限定kernelを実行する,契約＋限定実装,既知,raveil/static_region.py:compile_static_stencil_descriptor; hardware/chisel/StaticStencilRegion.scala; RFC-0005 §Candidate boundary,SambaNova,P,S1,https://hc33.hotchips.org/assets/program/conference/day2/SambaNova%20HotChips%202021%20Aug%2023%20v1.pdf,"slides 11–16: tile, PCU, PMU, address generation, switch",reconfigurable pipeline/controlを持つ。全系cycle固定とは記載されない。,Groq/ADRESが直接先行。Raveil現在のowned-memory接続にはrequest/response待ちがあり、全系固定latencyとは別。
C05,コンパイラが固定した演算scheduleで限定kernelを実行する,契約＋限定実装,既知,raveil/static_region.py:compile_static_stencil_descriptor; hardware/chisel/StaticStencilRegion.scala; RFC-0005 §Candidate boundary,Graphcore,P,I1,https://docs.graphcore.ai/projects/ipu-programmers-guide/en/3.3.0/about_ipu.html,§2.2 Execution,BSPのcompute/sync/exchange順序。全tileのcycle固定issueではない。,Groq/ADRESが直接先行。Raveil現在のowned-memory接続にはrequest/response待ちがあり、全系固定latencyとは別。
C05,コンパイラが固定した演算scheduleで限定kernelを実行する,契約＋限定実装,既知,raveil/static_region.py:compile_static_stencil_descriptor; hardware/chisel/StaticStencilRegion.scala; RFC-0005 §Candidate boundary,Cerebras,D,C1,https://cerebras-sdk-docs-140.netlify.app/computing-with-cerebras,Programs and Tasks; Task IDs and Types of Tasks; Communication,task pickerがactivated/unblocked taskを選択。全系static issueではない。,Groq/ADRESが直接先行。Raveil現在のowned-memory接続にはrequest/response待ちがあり、全系固定latencyとは別。
C05,コンパイラが固定した演算scheduleで限定kernelを実行する,契約＋限定実装,既知,raveil/static_region.py:compile_static_stencil_descriptor; hardware/chisel/StaticStencilRegion.scala; RFC-0005 §Candidate boundary,Tenstorrent,P,T1,https://docs.tenstorrent.com/tt-metal/v0.59.0/tt-metalium/tt_metal/examples/eltwise_binary.html,Data movement and compute kernels,各kernelの命令列をcompileするがCB/NoC完了待ちがある。全系cycle固定ではない。,Groq/ADRESが直接先行。Raveil現在のowned-memory接続にはrequest/response待ちがあり、全系固定latencyとは別。
C05,コンパイラが固定した演算scheduleで限定kernelを実行する,契約＋限定実装,既知,raveil/static_region.py:compile_static_stencil_descriptor; hardware/chisel/StaticStencilRegion.scala; RFC-0005 §Candidate boundary,Plasticine,P,P1,https://csl.stanford.edu/~christos/publications/2017.plasticine.isca.pdf,"§3.1 PCU / §3.2 PMU, PDF pp.4–5",PCU内部のstatic pipeline。unit間credit/tokenのため全系固定latencyではない。,Groq/ADRESが直接先行。Raveil現在のowned-memory接続にはrequest/response待ちがあり、全系固定latencyとは別。
C05,コンパイラが固定した演算scheduleで限定kernelを実行する,契約＋限定実装,既知,raveil/static_region.py:compile_static_stencil_descriptor; hardware/chisel/StaticStencilRegion.scala; RFC-0005 §Candidate boundary,TRIPS,D,R1,https://www.cs.utexas.edu/~mckinley/papers/trips-eval-asplos-2009.pdf,"§2, PDF p.3: TRIPS Microarchitecture",static placementだがreservation stationのdynamic data-ready issue。,Groq/ADRESが直接先行。Raveil現在のowned-memory接続にはrequest/response待ちがあり、全系固定latencyとは別。
C05,コンパイラが固定した演算scheduleで限定kernelを実行する,契約＋限定実装,既知,raveil/static_region.py:compile_static_stencil_descriptor; hardware/chisel/StaticStencilRegion.scala; RFC-0005 §Candidate boundary,EDGE,P,E1,https://www.cs.utexas.edu/~cart/trips/publications/computer04.pdf,"Architecture Comparisons, printed p.45 / PDF p.2",static/dynamic issueの区別を明示。EDGE系統を単一schedule方式にしない。,Groq/ADRESが直接先行。Raveil現在のowned-memory接続にはrequest/response待ちがあり、全系固定latencyとは別。
C05,コンパイラが固定した演算scheduleで限定kernelを実行する,契約＋限定実装,既知,raveil/static_region.py:compile_static_stencil_descriptor; hardware/chisel/StaticStencilRegion.scala; RFC-0005 §Candidate boundary,CGRA,E,A1,https://cecs.uci.edu/~papers/date08/PAPERS/2004/DATE04/PDFFILES/09G_2.PDF,"§3 C-Based Design Flow, PDF pp.2–3",compilerのmodulo schedule。,Groq/ADRESが直接先行。Raveil現在のowned-memory接続にはrequest/response待ちがあり、全系固定latencyとは別。
C05,コンパイラが固定した演算scheduleで限定kernelを実行する,契約＋限定実装,既知,raveil/static_region.py:compile_static_stencil_descriptor; hardware/chisel/StaticStencilRegion.scala; RFC-0005 §Candidate boundary,dataflow machine,D,D1,https://cartheur.com/Files/manchester-data-flow.pdf,"printed p.39 / PDF p.6: matching unit, tags, token queue, instruction store",dynamic tagged-token型はoperand matchingで発火。固定時間scheduleではない。,Groq/ADRESが直接先行。Raveil現在のowned-memory接続にはrequest/response待ちがあり、全系固定latencyとは別。
C06,演算を空間的な機能資源へ配置する,構想＋固定候補,既知,RFC-0001 §Proposal; docs/ARCHITECTURE.md §RISC-V and Graph Execution Subsystem,Groq,E,G1,https://www.researchgate.net/publication/342914141_Think_Fast_A_Tensor_Streaming_Processor_TSP_for_Accelerating_Deep_Learning_Workloads,"§I.A–B, printed pp.146–147: functional slicing / parallel lanes and streams",functionごとのsliceへ演算を配置する。,自動汎用mapperは未実装。配置・routing単体は差別化しない。
C06,演算を空間的な機能資源へ配置する,構想＋固定候補,既知,RFC-0001 §Proposal; docs/ARCHITECTURE.md §RISC-V and Graph Execution Subsystem,SambaNova,E,S1,https://hc33.hotchips.org/assets/program/conference/day2/SambaNova%20HotChips%202021%20Aug%2023%20v1.pdf,slides 5–6: SambaFlow / spatial compilation,graphの空間配置。,自動汎用mapperは未実装。配置・routing単体は差別化しない。
C06,演算を空間的な機能資源へ配置する,構想＋固定候補,既知,RFC-0001 §Proposal; docs/ARCHITECTURE.md §RISC-V and Graph Execution Subsystem,Graphcore,E,I2,https://docs.graphcore.ai/projects/ipu-programmers-guide/en/3.3.0/programming_model.html,§3.2.1 Data variables; §3.2.2 Copying data and executing compute sets; §3.2.4 Compute sets,変数とvertexをtileへmapping。,自動汎用mapperは未実装。配置・routing単体は差別化しない。
C06,演算を空間的な機能資源へ配置する,構想＋固定候補,既知,RFC-0001 §Proposal; docs/ARCHITECTURE.md §RISC-V and Graph Execution Subsystem,Cerebras,E,C1,https://cerebras-sdk-docs-140.netlify.app/computing-with-cerebras,A processing element (PE); The programming model,programをPEへ配置。,自動汎用mapperは未実装。配置・routing単体は差別化しない。
C06,演算を空間的な機能資源へ配置する,構想＋固定候補,既知,RFC-0001 §Proposal; docs/ARCHITECTURE.md §RISC-V and Graph Execution Subsystem,Tenstorrent,E,T1,https://docs.tenstorrent.com/tt-metal/v0.59.0/tt-metalium/tt_metal/examples/eltwise_binary.html,Host code / CreateKernel / EnqueueWriteBuffer; reader and compute kernel listings,kernelとbufferをcoreへ割り当てる。,自動汎用mapperは未実装。配置・routing単体は差別化しない。
C06,演算を空間的な機能資源へ配置する,構想＋固定候補,既知,RFC-0001 §Proposal; docs/ARCHITECTURE.md §RISC-V and Graph Execution Subsystem,Plasticine,E,P1,https://csl.stanford.edu/~christos/publications/2017.plasticine.isca.pdf,"§3.1 PCU / §3.2 PMU, PDF pp.4–5",PCU/PMUへのspatial mapping。,自動汎用mapperは未実装。配置・routing単体は差別化しない。
C06,演算を空間的な機能資源へ配置する,構想＋固定候補,既知,RFC-0001 §Proposal; docs/ARCHITECTURE.md §RISC-V and Graph Execution Subsystem,TRIPS,E,R1,https://www.cs.utexas.edu/~mckinley/papers/trips-eval-asplos-2009.pdf,"§2, PDF p.3: TRIPS Microarchitecture",compilerがexecution tile slotへ配置。,自動汎用mapperは未実装。配置・routing単体は差別化しない。
C06,演算を空間的な機能資源へ配置する,構想＋固定候補,既知,RFC-0001 §Proposal; docs/ARCHITECTURE.md §RISC-V and Graph Execution Subsystem,EDGE,P,E1,https://www.cs.utexas.edu/~cart/trips/publications/computer04.pdf,"Architecture Comparisons, printed p.45 / PDF p.2",TRIPS instanceはstatic placement。全EDGEに一般化しない。,自動汎用mapperは未実装。配置・routing単体は差別化しない。
C06,演算を空間的な機能資源へ配置する,構想＋固定候補,既知,RFC-0001 §Proposal; docs/ARCHITECTURE.md §RISC-V and Graph Execution Subsystem,CGRA,E,A1,https://cecs.uci.edu/~papers/date08/PAPERS/2004/DATE04/PDFFILES/09G_2.PDF,"§3 C-Based Design Flow, PDF pp.2–3",資源へのmappingとschedule。,自動汎用mapperは未実装。配置・routing単体は差別化しない。
C06,演算を空間的な機能資源へ配置する,構想＋固定候補,既知,RFC-0001 §Proposal; docs/ARCHITECTURE.md §RISC-V and Graph Execution Subsystem,dataflow machine,P,D1,https://cartheur.com/Files/manchester-data-flow.pdf,"printed p.39 / PDF p.6: matching unit, tags, token queue, instruction store",instruction store/matching/processingの構成。compile-time spatial placementと同一ではない。,自動汎用mapperは未実装。配置・routing単体は差別化しない。
C07,実行構成を保存して新しい入力で再利用する,限定契約/実装,既知,raveil/static_region.py:configuration_id; RFC-0005 §Identity and invalidation,Groq,P,G1,https://www.researchgate.net/publication/342914141_Think_Fast_A_Tensor_Streaming_Processor_TSP_for_Accelerating_Deep_Learning_Workloads,"§II, printed p.147 and §II.B memory bandwidth; §III.A instruction fetching",保存されたinstruction streamを実行する。Raveilのinstalled-descriptor lifecycle一致は未確認。,WaveCacheに新入力での再利用先行例。ADRES context RAMは部分対応。結果memoizationと構成再利用は区別する。
C07,実行構成を保存して新しい入力で再利用する,限定契約/実装,既知,raveil/static_region.py:configuration_id; RFC-0005 §Identity and invalidation,SambaNova,P,S1,https://hc33.hotchips.org/assets/program/conference/day2/SambaNova%20HotChips%202021%20Aug%2023%20v1.pdf,"slides 11–16: tile, PCU, PMU, address generation, switch",configurationでPCU/PMUを設定。host契約の再利用/invalidationは未確認。,WaveCacheに新入力での再利用先行例。ADRES context RAMは部分対応。結果memoizationと構成再利用は区別する。
C07,実行構成を保存して新しい入力で再利用する,限定契約/実装,既知,raveil/static_region.py:configuration_id; RFC-0005 §Identity and invalidation,Graphcore,P,I2,https://docs.graphcore.ai/projects/ipu-programmers-guide/en/3.3.0/programming_model.html,"§3.2.3 Control flow: sequences, conditionals and loops",compute setをloopで再実行。installed config identity protocolは未確認。,WaveCacheに新入力での再利用先行例。ADRES context RAMは部分対応。結果memoizationと構成再利用は区別する。
C07,実行構成を保存して新しい入力で再利用する,限定契約/実装,既知,raveil/static_region.py:configuration_id; RFC-0005 §Identity and invalidation,Cerebras,P,C1,https://cerebras-sdk-docs-140.netlify.app/computing-with-cerebras,A processing element (PE); The programming model,local codeをhostから起動。Raveil descriptor再利用と同一protocolではない。,WaveCacheに新入力での再利用先行例。ADRES context RAMは部分対応。結果memoizationと構成再利用は区別する。
C07,実行構成を保存して新しい入力で再利用する,限定契約/実装,既知,raveil/static_region.py:configuration_id; RFC-0005 §Identity and invalidation,Tenstorrent,P,T1,https://docs.tenstorrent.com/tt-metal/v0.59.0/tt-metalium/tt_metal/examples/eltwise_binary.html,Host code / CreateKernel / EnqueueWriteBuffer; reader and compute kernel listings,hostがprogram/kernelを作成し起動。versioned configの再利用契約は未確認。,WaveCacheに新入力での再利用先行例。ADRES context RAMは部分対応。結果memoizationと構成再利用は区別する。
C07,実行構成を保存して新しい入力で再利用する,限定契約/実装,既知,raveil/static_region.py:configuration_id; RFC-0005 §Identity and invalidation,Plasticine,P,P1,https://csl.stanford.edu/~christos/publications/2017.plasticine.isca.pdf,"§3.1 PCU / §3.2 PMU, PDF pp.4–5",再構成pipeline/configの利用。host lifetime契約の一致は未確認。,WaveCacheに新入力での再利用先行例。ADRES context RAMは部分対応。結果memoizationと構成再利用は区別する。
C07,実行構成を保存して新しい入力で再利用する,限定契約/実装,既知,raveil/static_region.py:configuration_id; RFC-0005 §Identity and invalidation,TRIPS,P,R1,https://www.cs.utexas.edu/~mckinley/papers/trips-eval-asplos-2009.pdf,"§2, PDF p.3: TRIPS Microarchitecture",instruction cache/block fetchあり。installed schedule再利用と同一ではない。,WaveCacheに新入力での再利用先行例。ADRES context RAMは部分対応。結果memoizationと構成再利用は区別する。
C07,実行構成を保存して新しい入力で再利用する,限定契約/実装,既知,raveil/static_region.py:configuration_id; RFC-0005 §Identity and invalidation,EDGE,U,E1,https://www.cs.utexas.edu/~cart/trips/publications/computer04.pdf,"IEEE Computer, July 2004, pp.44–55: Architecture Comparisons, printed p.45 / PDF p.2; EDGE ISA discussion, printed p.46 / PDF p.3; TRIPS architecture discussion, printed p.47 / PDF p.4",確認したEDGE資料では「実行構成を保存して新しい入力で再利用する」を判定する記載を確認できない。機能の不存在・独自性を意味しない。,WaveCacheに新入力での再利用先行例。ADRES context RAMは部分対応。結果memoizationと構成再利用は区別する。
C07,実行構成を保存して新しい入力で再利用する,限定契約/実装,既知,raveil/static_region.py:configuration_id; RFC-0005 §Identity and invalidation,CGRA,P,A1,https://cecs.uci.edu/~papers/date08/PAPERS/2004/DATE04/PDFFILES/09G_2.PDF,"§2 ADRES Architecture Overview, PDF pp.1–2",local configuration RAMにcontextsを保持。新入力を跨ぐreuseの具体的protocolはこの論文では未確認。,WaveCacheに新入力での再利用先行例。ADRES context RAMは部分対応。結果memoizationと構成再利用は区別する。
C07,実行構成を保存して新しい入力で再利用する,限定契約/実装,既知,raveil/static_region.py:configuration_id; RFC-0005 §Identity and invalidation,dataflow machine,E,D2,https://homes.cs.washington.edu/~oskin/wavescalar.pdf,"§1 Introduction, PDF pp.1–2: resident instructions in WaveCache",resident instructionsを多数のinvocationで再利用。,WaveCacheに新入力での再利用先行例。ADRES context RAMは部分対応。結果memoizationと構成再利用は区別する。
C08,software管理の局所memoryを演算器の近傍に置く,限定simulation,既知,hardware/chisel/StaticStencilRegion.scala; RFC-0005 §Alias and memory contract,Groq,P,G1,https://www.researchgate.net/publication/342914141_Think_Fast_A_Tensor_Streaming_Processor_TSP_for_Accelerating_Deep_Learning_Workloads,"§II, printed p.147 and §II.B memory bandwidth; §III.A instruction fetching",compiler-visibleだがglobally shared SRAM。Raveilの局所scratchpad管理と同一とは確認できない。,容量・port・latency・controllerを含む同一資源比較が必要。scratchpadという名前では差がない。
C08,software管理の局所memoryを演算器の近傍に置く,限定simulation,既知,hardware/chisel/StaticStencilRegion.scala; RFC-0005 §Alias and memory contract,SambaNova,E,S1,https://hc33.hotchips.org/assets/program/conference/day2/SambaNova%20HotChips%202021%20Aug%2023%20v1.pdf,"slides 11–16: tile, PCU, PMU, address generation, switch",distributed scratchpadsとPMU。,容量・port・latency・controllerを含む同一資源比較が必要。scratchpadという名前では差がない。
C08,software管理の局所memoryを演算器の近傍に置く,限定simulation,既知,hardware/chisel/StaticStencilRegion.scala; RFC-0005 §Alias and memory contract,Graphcore,E,I1,https://docs.graphcore.ai/projects/ipu-programmers-guide/en/3.3.0/about_ipu.html,§2.1 Memory architecture,tileのlocal SRAMと明示copy。,容量・port・latency・controllerを含む同一資源比較が必要。scratchpadという名前では差がない。
C08,software管理の局所memoryを演算器の近傍に置く,限定simulation,既知,hardware/chisel/StaticStencilRegion.scala; RFC-0005 §Alias and memory contract,Cerebras,E,C1,https://cerebras-sdk-docs-140.netlify.app/computing-with-cerebras,A processing element (PE); The programming model,PE専用local memory。,容量・port・latency・controllerを含む同一資源比較が必要。scratchpadという名前では差がない。
C08,software管理の局所memoryを演算器の近傍に置く,限定simulation,既知,hardware/chisel/StaticStencilRegion.scala; RFC-0005 §Alias and memory contract,Tenstorrent,E,T1,https://docs.tenstorrent.com/tt-metal/v0.59.0/tt-metalium/tt_metal/examples/eltwise_binary.html,Data movement and compute kernels,L1を介してUnpack/Math/Packを連携。,容量・port・latency・controllerを含む同一資源比較が必要。scratchpadという名前では差がない。
C08,software管理の局所memoryを演算器の近傍に置く,限定simulation,既知,hardware/chisel/StaticStencilRegion.scala; RFC-0005 §Alias and memory contract,Plasticine,E,P1,https://csl.stanford.edu/~christos/publications/2017.plasticine.isca.pdf,"§3.1 PCU / §3.2 PMU, PDF pp.4–5",PMUのbanked scratchpad。,容量・port・latency・controllerを含む同一資源比較が必要。scratchpadという名前では差がない。
C08,software管理の局所memoryを演算器の近傍に置く,限定simulation,既知,hardware/chisel/StaticStencilRegion.scala; RFC-0005 §Alias and memory contract,TRIPS,D,R1,https://www.cs.utexas.edu/~mckinley/papers/trips-eval-asplos-2009.pdf,"§2, PDF p.3: TRIPS Microarchitecture",data cache/LSQのmemory path。Raveilのdisjoint scratchpad限定とは異なる。,容量・port・latency・controllerを含む同一資源比較が必要。scratchpadという名前では差がない。
C08,software管理の局所memoryを演算器の近傍に置く,限定simulation,既知,hardware/chisel/StaticStencilRegion.scala; RFC-0005 §Alias and memory contract,EDGE,U,E1,https://www.cs.utexas.edu/~cart/trips/publications/computer04.pdf,"IEEE Computer, July 2004, pp.44–55: Architecture Comparisons, printed p.45 / PDF p.2; EDGE ISA discussion, printed p.46 / PDF p.3; TRIPS architecture discussion, printed p.47 / PDF p.4",確認したEDGE資料では「software管理の局所memoryを演算器の近傍に置く」を判定する記載を確認できない。機能の不存在・独自性を意味しない。,容量・port・latency・controllerを含む同一資源比較が必要。scratchpadという名前では差がない。
C08,software管理の局所memoryを演算器の近傍に置く,限定simulation,既知,hardware/chisel/StaticStencilRegion.scala; RFC-0005 §Alias and memory contract,CGRA,P,A1,https://cecs.uci.edu/~papers/date08/PAPERS/2004/DATE04/PDFFILES/09G_2.PDF,"§2 ADRES Architecture Overview, PDF pp.1–2",local RF/config RAMはあるがdataはcache hierarchy。Raveil scratchpadと同一ではない。,容量・port・latency・controllerを含む同一資源比較が必要。scratchpadという名前では差がない。
C08,software管理の局所memoryを演算器の近傍に置く,限定simulation,既知,hardware/chisel/StaticStencilRegion.scala; RFC-0005 §Alias and memory contract,dataflow machine,P,D1,https://cartheur.com/Files/manchester-data-flow.pdf,"printed p.39 / PDF p.6: matching unit, tags, token queue, instruction store",token/matching storeはあるがsoftware scratchpadと異なる。,容量・port・latency・controllerを含む同一資源比較が必要。scratchpadという名前では差がない。
C09,データ移動を実行計画として明示する,構想＋限定実装,既知,RFC-0001 §Proposal; raveil/graph_mvp.py:MemoryPlan; raveil/static_region.py,Groq,E,G1,https://www.researchgate.net/publication/342914141_Think_Fast_A_Tensor_Streaming_Processor_TSP_for_Accelerating_Deep_Learning_Workloads,"§I.A–B, printed pp.146–147: functional slicing / parallel lanes and streams",stream registerでoperand移動を明示する。,descriptorのMemoryPlanは一般的な移動強制機構ではない。移動/同期/host境界費用を比較する。
C09,データ移動を実行計画として明示する,構想＋限定実装,既知,RFC-0001 §Proposal; raveil/graph_mvp.py:MemoryPlan; raveil/static_region.py,SambaNova,E,S1,https://hc33.hotchips.org/assets/program/conference/day2/SambaNova%20HotChips%202021%20Aug%2023%20v1.pdf,"slides 11–16: tile, PCU, PMU, address generation, switch",AGとprogrammed switchによる移動。,descriptorのMemoryPlanは一般的な移動強制機構ではない。移動/同期/host境界費用を比較する。
C09,データ移動を実行計画として明示する,構想＋限定実装,既知,RFC-0001 §Proposal; raveil/graph_mvp.py:MemoryPlan; raveil/static_region.py,Graphcore,E,I1,https://docs.graphcore.ai/projects/ipu-programmers-guide/en/3.3.0/about_ipu.html,§2.1 Memory architecture,exchange fabricへの明示data movement。,descriptorのMemoryPlanは一般的な移動強制機構ではない。移動/同期/host境界費用を比較する。
C09,データ移動を実行計画として明示する,構想＋限定実装,既知,RFC-0001 §Proposal; raveil/graph_mvp.py:MemoryPlan; raveil/static_region.py,Cerebras,E,C1,https://cerebras-sdk-docs-140.netlify.app/computing-with-cerebras,Communication and examples of @bind_data_task,color/routeとwavelet移動を明示。,descriptorのMemoryPlanは一般的な移動強制機構ではない。移動/同期/host境界費用を比較する。
C09,データ移動を実行計画として明示する,構想＋限定実装,既知,RFC-0001 §Proposal; raveil/graph_mvp.py:MemoryPlan; raveil/static_region.py,Tenstorrent,E,T1,https://docs.tenstorrent.com/tt-metal/v0.59.0/tt-metalium/tt_metal/examples/eltwise_binary.html,Data movement and compute kernels,専用data movement kernelとNoC命令。,descriptorのMemoryPlanは一般的な移動強制機構ではない。移動/同期/host境界費用を比較する。
C09,データ移動を実行計画として明示する,構想＋限定実装,既知,RFC-0001 §Proposal; raveil/graph_mvp.py:MemoryPlan; raveil/static_region.py,Plasticine,E,P1,https://csl.stanford.edu/~christos/publications/2017.plasticine.isca.pdf,"§3.3 Interconnect / §3.4 Off-chip Memory Access, PDF p.6",static networkとaddress-generation/DRAM移動。,descriptorのMemoryPlanは一般的な移動強制機構ではない。移動/同期/host境界費用を比較する。
C09,データ移動を実行計画として明示する,構想＋限定実装,既知,RFC-0001 §Proposal; raveil/graph_mvp.py:MemoryPlan; raveil/static_region.py,TRIPS,E,R1,https://www.cs.utexas.edu/~mckinley/papers/trips-eval-asplos-2009.pdf,"§2 TRIPS System Overview, PDF pp.2–3: EDGE ISA and block outputs",register fileを経ないdirect operand network。,descriptorのMemoryPlanは一般的な移動強制機構ではない。移動/同期/host境界費用を比較する。
C09,データ移動を実行計画として明示する,構想＋限定実装,既知,RFC-0001 §Proposal; raveil/graph_mvp.py:MemoryPlan; raveil/static_region.py,EDGE,E,E1,https://www.cs.utexas.edu/~cart/trips/publications/computer04.pdf,"EDGE ISA discussion, printed p.46 / PDF p.3",直接instruction communication。,descriptorのMemoryPlanは一般的な移動強制機構ではない。移動/同期/host境界費用を比較する。
C09,データ移動を実行計画として明示する,構想＋限定実装,既知,RFC-0001 §Proposal; raveil/graph_mvp.py:MemoryPlan; raveil/static_region.py,CGRA,E,A1,https://cecs.uci.edu/~papers/date08/PAPERS/2004/DATE04/PDFFILES/09G_2.PDF,"§2 ADRES Architecture Overview, PDF pp.1–2",mux/routeをconfigurationで指定。,descriptorのMemoryPlanは一般的な移動強制機構ではない。移動/同期/host境界費用を比較する。
C09,データ移動を実行計画として明示する,構想＋限定実装,既知,RFC-0001 §Proposal; raveil/graph_mvp.py:MemoryPlan; raveil/static_region.py,dataflow machine,E,D1,https://cartheur.com/Files/manchester-data-flow.pdf,"printed pp.34–39 / PDF pp.1–6: graphs, firing rules, static versus dynamic dataflow",tokenがgraph edgeを伝播。,descriptorのMemoryPlanは一般的な移動強制機構ではない。移動/同期/host境界費用を比較する。
C10,可変遅延に対して実行時readiness/backpressureを残す,構想；command/memory handshakeのみ限定実装,既知,RFC-0001 §Proposal; hardware/chisel/StaticStencilRegion.scala,Groq,D,G1,https://www.researchgate.net/publication/342914141_Think_Fast_A_Tensor_Streaming_Processor_TSP_for_Accelerating_Deep_Learning_Workloads,"§II Architecture Overview, printed p.147; §II.C staggered instruction execution",対象TSPはdeterministic scheduleでreactive arbitrationを省く。一般token-ready方式とは異なる。,Plasticine/Manchester等に先行例。RFC-0005にはruntime token schedulerがないためelastic Graph実装済みとはしない。
C10,可変遅延に対して実行時readiness/backpressureを残す,構想；command/memory handshakeのみ限定実装,既知,RFC-0001 §Proposal; hardware/chisel/StaticStencilRegion.scala,SambaNova,P,S1,https://hc33.hotchips.org/assets/program/conference/day2/SambaNova%20HotChips%202021%20Aug%2023%20v1.pdf,"slides 11–16: tile, PCU, PMU, address generation, switch",configuration/pipeline controlとdata alignmentは記載。ready/credit詳細は本スライドから確定しない。,Plasticine/Manchester等に先行例。RFC-0005にはruntime token schedulerがないためelastic Graph実装済みとはしない。
C10,可変遅延に対して実行時readiness/backpressureを残す,構想；command/memory handshakeのみ限定実装,既知,RFC-0001 §Proposal; hardware/chisel/StaticStencilRegion.scala,Graphcore,P,I1,https://docs.graphcore.ai/projects/ipu-programmers-guide/en/3.3.0/about_ipu.html,§2.2 Execution,sync完了待ちを残す。個別graph nodeのtoken matchingとは異なる。,Plasticine/Manchester等に先行例。RFC-0005にはruntime token schedulerがないためelastic Graph実装済みとはしない。
C10,可変遅延に対して実行時readiness/backpressureを残す,構想；command/memory handshakeのみ限定実装,既知,RFC-0001 §Proposal; hardware/chisel/StaticStencilRegion.scala,Cerebras,E,C1,https://cerebras-sdk-docs-140.netlify.app/computing-with-cerebras,Programs and Tasks; Task IDs and Types of Tasks; Communication,wavelet到着でtaskをactivate、unblocked runnable taskを選択。,Plasticine/Manchester等に先行例。RFC-0005にはruntime token schedulerがないためelastic Graph実装済みとはしない。
C10,可変遅延に対して実行時readiness/backpressureを残す,構想；command/memory handshakeのみ限定実装,既知,RFC-0001 §Proposal; hardware/chisel/StaticStencilRegion.scala,Tenstorrent,E,T1,https://docs.tenstorrent.com/tt-metal/v0.59.0/tt-metalium/tt_metal/examples/eltwise_binary.html,Circular buffers,space/dataのreserve/waitとpush/popで動的同期。,Plasticine/Manchester等に先行例。RFC-0005にはruntime token schedulerがないためelastic Graph実装済みとはしない。
C10,可変遅延に対して実行時readiness/backpressureを残す,構想；command/memory handshakeのみ限定実装,既知,RFC-0001 §Proposal; hardware/chisel/StaticStencilRegion.scala,Plasticine,E,P1,https://csl.stanford.edu/~christos/publications/2017.plasticine.isca.pdf,"§3.5 Control Flow, PDF pp.6–7",tokenとcredit、downstream backpressureでchildをenable。,Plasticine/Manchester等に先行例。RFC-0005にはruntime token schedulerがないためelastic Graph実装済みとはしない。
C10,可変遅延に対して実行時readiness/backpressureを残す,構想；command/memory handshakeのみ限定実装,既知,RFC-0001 §Proposal; hardware/chisel/StaticStencilRegion.scala,TRIPS,E,R1,https://www.cs.utexas.edu/~mckinley/papers/trips-eval-asplos-2009.pdf,"§2, PDF p.3: TRIPS Microarchitecture",入力到着によるdataflow issue。,Plasticine/Manchester等に先行例。RFC-0005にはruntime token schedulerがないためelastic Graph実装済みとはしない。
C10,可変遅延に対して実行時readiness/backpressureを残す,構想；command/memory handshakeのみ限定実装,既知,RFC-0001 §Proposal; hardware/chisel/StaticStencilRegion.scala,EDGE,E,E1,https://www.cs.utexas.edu/~cart/trips/publications/computer04.pdf,"EDGE ISA discussion, printed p.46 / PDF p.3",operand availabilityでfiringする実行説明。,Plasticine/Manchester等に先行例。RFC-0005にはruntime token schedulerがないためelastic Graph実装済みとはしない。
C10,可変遅延に対して実行時readiness/backpressureを残す,構想；command/memory handshakeのみ限定実装,既知,RFC-0001 §Proposal; hardware/chisel/StaticStencilRegion.scala,CGRA,U,A1,https://cecs.uci.edu/~papers/date08/PAPERS/2004/DATE04/PDFFILES/09G_2.PDF,"DATE 2004, 6-page conference paper: §2 ADRES Architecture Overview, PDF pp.1–2; §3 C-Based Design Flow, PDF pp.2–3",確認したCGRA資料では「可変遅延に対して実行時readiness/backpressureを残す」を判定する記載を確認できない。機能の不存在・独自性を意味しない。,Plasticine/Manchester等に先行例。RFC-0005にはruntime token schedulerがないためelastic Graph実装済みとはしない。
C10,可変遅延に対して実行時readiness/backpressureを残す,構想；command/memory handshakeのみ限定実装,既知,RFC-0001 §Proposal; hardware/chisel/StaticStencilRegion.scala,dataflow machine,E,D1,https://cartheur.com/Files/manchester-data-flow.pdf,"printed p.39 / PDF p.6: matching unit, tags, token queue, instruction store",入力token matchingでreadyを決める。,Plasticine/Manchester等に先行例。RFC-0005にはruntime token schedulerがないためelastic Graph実装済みとはしない。
C11,graphに適さない処理を汎用processor側に残す,受容済み方針＋限定baseline,既知,docs/decisions/ADR-0003-risc-v-control-and-daphnis-execution.md; RFC-0001 §Dynamic islands,Groq,U,G1,https://www.researchgate.net/publication/342914141_Think_Fast_A_Tensor_Streaming_Processor_TSP_for_Accelerating_Deep_Learning_Workloads,"ISCA 2020; DOI 10.1109/ISCA45697.2020.00023; author upload 2022-01-24: §I.A–B, printed pp.146–147: functional slicing / parallel lanes and streams; §II Architecture Overview, printed p.147; §II.C staggered instruction execution; §II, printed p.147 and §II.B memory bandwidth; §III.A instruction fetching",確認したGroq資料では「graphに適さない処理を汎用processor側に残す」を判定する記載を確認できない。機能の不存在・独自性を意味しない。,ADRESのkernel/non-kernel分割が直接比較。hostの存在だけで自動fallback一致とはしない。
C11,graphに適さない処理を汎用processor側に残す,受容済み方針＋限定baseline,既知,docs/decisions/ADR-0003-risc-v-control-and-daphnis-execution.md; RFC-0001 §Dynamic islands,SambaNova,P,S1,https://hc33.hotchips.org/assets/program/conference/day2/SambaNova%20HotChips%202021%20Aug%2023%20v1.pdf,"slides 4, 11: host and RDU connectivity",host接続はあるがunsupported-region自動fallbackは未確認。,ADRESのkernel/non-kernel分割が直接比較。hostの存在だけで自動fallback一致とはしない。
C11,graphに適さない処理を汎用processor側に残す,受容済み方針＋限定baseline,既知,docs/decisions/ADR-0003-risc-v-control-and-daphnis-execution.md; RFC-0001 §Dynamic islands,Graphcore,P,I1,https://docs.graphcore.ai/projects/ipu-programmers-guide/en/3.3.0/about_ipu.html,§2.1 Memory architecture,host offload構成。unsupported-region fallbackは未確認。,ADRESのkernel/non-kernel分割が直接比較。hostの存在だけで自動fallback一致とはしない。
C11,graphに適さない処理を汎用processor側に残す,受容済み方針＋限定baseline,既知,docs/decisions/ADR-0003-risc-v-control-and-daphnis-execution.md; RFC-0001 §Dynamic islands,Cerebras,P,C1,https://cerebras-sdk-docs-140.netlify.app/computing-with-cerebras,A processing element (PE); The programming model,host Pythonとdevice CSLの分担。汎用fallback自動選択は未確認。,ADRESのkernel/non-kernel分割が直接比較。hostの存在だけで自動fallback一致とはしない。
C11,graphに適さない処理を汎用processor側に残す,受容済み方針＋限定baseline,既知,docs/decisions/ADR-0003-risc-v-control-and-daphnis-execution.md; RFC-0001 §Dynamic islands,Tenstorrent,P,T1,https://docs.tenstorrent.com/tt-metal/v0.59.0/tt-metalium/tt_metal/examples/eltwise_binary.html,Host code / CreateKernel / EnqueueWriteBuffer; reader and compute kernel listings,host/RISC-V/compute分担はある。RISC-V搭載は自動fallback証拠でない。,ADRESのkernel/non-kernel分割が直接比較。hostの存在だけで自動fallback一致とはしない。
C11,graphに適さない処理を汎用processor側に残す,受容済み方針＋限定baseline,既知,docs/decisions/ADR-0003-risc-v-control-and-daphnis-execution.md; RFC-0001 §Dynamic islands,Plasticine,U,P1,https://csl.stanford.edu/~christos/publications/2017.plasticine.isca.pdf,"ISCA 2017; DOI 10.1145/3079856.3080256: §2 Parallel Patterns, PDF pp.2–3; §3.1 PCU / §3.2 PMU, PDF pp.4–5; §3.3 Interconnect / §3.4 Off-chip Memory Access, PDF p.6; §3.5 Control Flow, PDF pp.6–7",確認したPlasticine資料では「graphに適さない処理を汎用processor側に残す」を判定する記載を確認できない。機能の不存在・独自性を意味しない。,ADRESのkernel/non-kernel分割が直接比較。hostの存在だけで自動fallback一致とはしない。
C11,graphに適さない処理を汎用processor側に残す,受容済み方針＋限定baseline,既知,docs/decisions/ADR-0003-risc-v-control-and-daphnis-execution.md; RFC-0001 §Dynamic islands,TRIPS,D,R1,https://www.cs.utexas.edu/~mckinley/papers/trips-eval-asplos-2009.pdf,"§2 TRIPS System Overview, PDF pp.2–3: EDGE ISA and block outputs",対象TRIPSはEDGE processor全体。別の汎用ISA fallback offload構成ではない。,ADRESのkernel/non-kernel分割が直接比較。hostの存在だけで自動fallback一致とはしない。
C11,graphに適さない処理を汎用processor側に残す,受容済み方針＋限定baseline,既知,docs/decisions/ADR-0003-risc-v-control-and-daphnis-execution.md; RFC-0001 §Dynamic islands,EDGE,P,E1,https://www.cs.utexas.edu/~cart/trips/publications/computer04.pdf,"TRIPS architecture discussion, printed p.47 / PDF p.4",control processor interfaceはある。同一意味のfallbackとは未確認。,ADRESのkernel/non-kernel分割が直接比較。hostの存在だけで自動fallback一致とはしない。
C11,graphに適さない処理を汎用processor側に残す,受容済み方針＋限定baseline,既知,docs/decisions/ADR-0003-risc-v-control-and-daphnis-execution.md; RFC-0001 §Dynamic islands,CGRA,E,A1,https://cecs.uci.edu/~papers/date08/PAPERS/2004/DATE04/PDFFILES/09G_2.PDF,"§2 ADRES Architecture Overview, PDF pp.1–2",regular kernelをmatrix、non-kernel codeをVLIWへ分担。,ADRESのkernel/non-kernel分割が直接比較。hostの存在だけで自動fallback一致とはしない。
C11,graphに適さない処理を汎用processor側に残す,受容済み方針＋限定baseline,既知,docs/decisions/ADR-0003-risc-v-control-and-daphnis-execution.md; RFC-0001 §Dynamic islands,dataflow machine,D,D2,https://homes.cs.washington.edu/~oskin/wavescalar.pdf,"§1 Introduction, PDF pp.1–2: resident instructions in WaveCache",WaveCacheが全processorを担う提案。汎用processorへoffloadする候補ではない。,ADRESのkernel/non-kernel分割が直接比較。hostの存在だけで自動fallback一致とはしない。
C12,限定Graph実行部で汎用OoO依存探索機構を省く,限定simulation,既知,hardware/chisel/StaticStencilRegion.scala; RFC-0005 §Candidate boundary,Groq,E,G1,https://www.researchgate.net/publication/342914141_Think_Fast_A_Tensor_Streaming_Processor_TSP_for_Accelerating_Deep_Learning_Workloads,"§II Architecture Overview, printed p.147; §II.C staggered instruction execution",dynamic instruction schedulingをcompilerへ移す限定実行方式。全fetch/decode廃止ではない。,Groqが直接先行、ADRESはcompiler scheduleの部分対応。CPU fallback、通信、検証状態を含む総コスト減は別claim C27。
C12,限定Graph実行部で汎用OoO依存探索機構を省く,限定simulation,既知,hardware/chisel/StaticStencilRegion.scala; RFC-0005 §Candidate boundary,SambaNova,P,S1,https://hc33.hotchips.org/assets/program/conference/day2/SambaNova%20HotChips%202021%20Aug%2023%20v1.pdf,"slides 11–16: tile, PCU, PMU, address generation, switch",reconfigurable SIMD pipelineだが全OoO関連機構の不在までは未確認。,Groqが直接先行、ADRESはcompiler scheduleの部分対応。CPU fallback、通信、検証状態を含む総コスト減は別claim C27。
C12,限定Graph実行部で汎用OoO依存探索機構を省く,限定simulation,既知,hardware/chisel/StaticStencilRegion.scala; RFC-0005 §Candidate boundary,Graphcore,P,I1,https://docs.graphcore.ai/projects/ipu-programmers-guide/en/3.3.0/about_ipu.html,§2.3 Tile architecture,round-robin thread実行。Raveilと同一の除去構造一覧は未確認。,Groqが直接先行、ADRESはcompiler scheduleの部分対応。CPU fallback、通信、検証状態を含む総コスト減は別claim C27。
C12,限定Graph実行部で汎用OoO依存探索機構を省く,限定simulation,既知,hardware/chisel/StaticStencilRegion.scala; RFC-0005 §Candidate boundary,Cerebras,P,C1,https://cerebras-sdk-docs-140.netlify.app/computing-with-cerebras,A processing element (PE); The programming model,dataflow controlでもPEはPC/命令を保持。汎用OoO全構造の不在はこの資料では確定しない。,Groqが直接先行、ADRESはcompiler scheduleの部分対応。CPU fallback、通信、検証状態を含む総コスト減は別claim C27。
C12,限定Graph実行部で汎用OoO依存探索機構を省く,限定simulation,既知,hardware/chisel/StaticStencilRegion.scala; RFC-0005 §Candidate boundary,Tenstorrent,U,T1,https://docs.tenstorrent.com/tt-metal/v0.59.0/tt-metalium/tt_metal/examples/eltwise_binary.html,TT-Metalium v0.59.0: Circular buffers; Data movement and compute kernels; Host code / CreateKernel / EnqueueWriteBuffer; reader and compute kernel listings,確認したTenstorrent資料では「限定Graph実行部で汎用OoO依存探索機構を省く」を判定する記載を確認できない。機能の不存在・独自性を意味しない。,Groqが直接先行、ADRESはcompiler scheduleの部分対応。CPU fallback、通信、検証状態を含む総コスト減は別claim C27。
C12,限定Graph実行部で汎用OoO依存探索機構を省く,限定simulation,既知,hardware/chisel/StaticStencilRegion.scala; RFC-0005 §Candidate boundary,Plasticine,P,P1,https://csl.stanford.edu/~christos/publications/2017.plasticine.isca.pdf,"§3.1 PCU / §3.2 PMU, PDF pp.4–5",specialized pipeline。汎用processor全体からOoOを除去する主張ではない。,Groqが直接先行、ADRESはcompiler scheduleの部分対応。CPU fallback、通信、検証状態を含む総コスト減は別claim C27。
C12,限定Graph実行部で汎用OoO依存探索機構を省く,限定simulation,既知,hardware/chisel/StaticStencilRegion.scala; RFC-0005 §Candidate boundary,TRIPS,P,R1,https://www.cs.utexas.edu/~mckinley/papers/trips-eval-asplos-2009.pdf,"§2, PDF p.3: TRIPS Microarchitecture",命令依存は明示するがreservation stations、block speculation/commitを保持。,Groqが直接先行、ADRESはcompiler scheduleの部分対応。CPU fallback、通信、検証状態を含む総コスト減は別claim C27。
C12,限定Graph実行部で汎用OoO依存探索機構を省く,限定simulation,既知,hardware/chisel/StaticStencilRegion.scala; RFC-0005 §Candidate boundary,EDGE,P,E1,https://www.cs.utexas.edu/~cart/trips/publications/computer04.pdf,"EDGE ISA discussion, printed p.46 / PDF p.3",再依存探索削減が研究動機。dynamic issueやmemory管理の全廃とは違う。,Groqが直接先行、ADRESはcompiler scheduleの部分対応。CPU fallback、通信、検証状態を含む総コスト減は別claim C27。
C12,限定Graph実行部で汎用OoO依存探索機構を省く,限定simulation,既知,hardware/chisel/StaticStencilRegion.scala; RFC-0005 §Candidate boundary,CGRA,P,A1,https://cecs.uci.edu/~papers/date08/PAPERS/2004/DATE04/PDFFILES/09G_2.PDF,"§3 C-Based Design Flow, PDF pp.2–3",kernel側はcompiler scheduling。OoO依存探索構造の不在をこの論文だけでは確認できない。,Groqが直接先行、ADRESはcompiler scheduleの部分対応。CPU fallback、通信、検証状態を含む総コスト減は別claim C27。
C12,限定Graph実行部で汎用OoO依存探索機構を省く,限定simulation,既知,hardware/chisel/StaticStencilRegion.scala; RFC-0005 §Candidate boundary,dataflow machine,P,D1,https://cartheur.com/Files/manchester-data-flow.pdf,"printed p.39 / PDF p.6: matching unit, tags, token queue, instruction store",古典OoOとは異なるがtoken matching/queueに動的コストがある。,Groqが直接先行、ADRESはcompiler scheduleの部分対応。CPU fallback、通信、検証状態を含む総コスト減は別claim C27。
C13,Program/Graph/Data/Experienceの書込み権限を分離する,Sonatine限定実装,未確立,sonatine/include/plane_authority.h; sonatine/src/job_authority.c; ADR-0030,Groq,U,G1,https://www.researchgate.net/publication/342914141_Think_Fast_A_Tensor_Streaming_Processor_TSP_for_Accelerating_Deep_Learning_Workloads,"ISCA 2020; DOI 10.1109/ISCA45697.2020.00023; author upload 2022-01-24: §I.A–B, printed pp.146–147: functional slicing / parallel lanes and streams; §II Architecture Overview, printed p.147; §II.C staggered instruction execution; §II, printed p.147 and §II.B memory bandwidth; §III.A instruction fetching",確認したGroq資料では「Program/Graph/Data/Experienceの書込み権限を分離する」を判定する記載を確認できない。機能の不存在・独自性を意味しない。,10系統の本文ではこの4分類を未確認。capability OS、Harvard、typed IRとの比較なしに新規としない。
C13,Program/Graph/Data/Experienceの書込み権限を分離する,Sonatine限定実装,未確立,sonatine/include/plane_authority.h; sonatine/src/job_authority.c; ADR-0030,SambaNova,U,S1,https://hc33.hotchips.org/assets/program/conference/day2/SambaNova%20HotChips%202021%20Aug%2023%20v1.pdf,"Hot Chips 33, 2021-08-24: slides 5–6: SambaFlow / spatial compilation; slides 11–16: tile, PCU, PMU, address generation, switch; slides 4, 11: host and RDU connectivity",確認したSambaNova資料では「Program/Graph/Data/Experienceの書込み権限を分離する」を判定する記載を確認できない。機能の不存在・独自性を意味しない。,10系統の本文ではこの4分類を未確認。capability OS、Harvard、typed IRとの比較なしに新規としない。
C13,Program/Graph/Data/Experienceの書込み権限を分離する,Sonatine限定実装,未確立,sonatine/include/plane_authority.h; sonatine/src/job_authority.c; ADR-0030,Graphcore,U,I1; I2,https://docs.graphcore.ai/projects/ipu-programmers-guide/en/3.3.0/about_ipu.html; https://docs.graphcore.ai/projects/ipu-programmers-guide/en/3.3.0/programming_model.html,"SDK guide 3.3.0: §2.1 Memory architecture; §2.2 Execution; §2.3 Tile architecture; SDK guide 3.3.0: §3.2.1 Data variables; §3.2.2 Copying data and executing compute sets; §3.2.4 Compute sets; §3.2.3 Control flow: sequences, conditionals and loops; §3.5.1 Variable liveness",確認したGraphcore資料では「Program/Graph/Data/Experienceの書込み権限を分離する」を判定する記載を確認できない。機能の不存在・独自性を意味しない。,10系統の本文ではこの4分類を未確認。capability OS、Harvard、typed IRとの比較なしに新規としない。
C13,Program/Graph/Data/Experienceの書込み権限を分離する,Sonatine限定実装,未確立,sonatine/include/plane_authority.h; sonatine/src/job_authority.c; ADR-0030,Cerebras,U,C1,https://cerebras-sdk-docs-140.netlify.app/computing-with-cerebras,Cerebras SDK documentation 1.4.0: A processing element (PE); The programming model; Programs and Tasks; Task IDs and Types of Tasks; Communication; Communication and examples of @bind_data_task,確認したCerebras資料では「Program/Graph/Data/Experienceの書込み権限を分離する」を判定する記載を確認できない。機能の不存在・独自性を意味しない。,10系統の本文ではこの4分類を未確認。capability OS、Harvard、typed IRとの比較なしに新規としない。
C13,Program/Graph/Data/Experienceの書込み権限を分離する,Sonatine限定実装,未確立,sonatine/include/plane_authority.h; sonatine/src/job_authority.c; ADR-0030,Tenstorrent,U,T1,https://docs.tenstorrent.com/tt-metal/v0.59.0/tt-metalium/tt_metal/examples/eltwise_binary.html,TT-Metalium v0.59.0: Circular buffers; Data movement and compute kernels; Host code / CreateKernel / EnqueueWriteBuffer; reader and compute kernel listings,確認したTenstorrent資料では「Program/Graph/Data/Experienceの書込み権限を分離する」を判定する記載を確認できない。機能の不存在・独自性を意味しない。,10系統の本文ではこの4分類を未確認。capability OS、Harvard、typed IRとの比較なしに新規としない。
C13,Program/Graph/Data/Experienceの書込み権限を分離する,Sonatine限定実装,未確立,sonatine/include/plane_authority.h; sonatine/src/job_authority.c; ADR-0030,Plasticine,U,P1,https://csl.stanford.edu/~christos/publications/2017.plasticine.isca.pdf,"ISCA 2017; DOI 10.1145/3079856.3080256: §2 Parallel Patterns, PDF pp.2–3; §3.1 PCU / §3.2 PMU, PDF pp.4–5; §3.3 Interconnect / §3.4 Off-chip Memory Access, PDF p.6; §3.5 Control Flow, PDF pp.6–7",確認したPlasticine資料では「Program/Graph/Data/Experienceの書込み権限を分離する」を判定する記載を確認できない。機能の不存在・独自性を意味しない。,10系統の本文ではこの4分類を未確認。capability OS、Harvard、typed IRとの比較なしに新規としない。
C13,Program/Graph/Data/Experienceの書込み権限を分離する,Sonatine限定実装,未確立,sonatine/include/plane_authority.h; sonatine/src/job_authority.c; ADR-0030,TRIPS,U,R1,https://www.cs.utexas.edu/~mckinley/papers/trips-eval-asplos-2009.pdf,"ASPLOS 2009, author PDF: §2 TRIPS System Overview, PDF pp.2–3: EDGE ISA and block outputs; §2, PDF p.3: TRIPS Microarchitecture; §2, PDF pp.3–4: TRIPS Compiler",確認したTRIPS資料では「Program/Graph/Data/Experienceの書込み権限を分離する」を判定する記載を確認できない。機能の不存在・独自性を意味しない。,10系統の本文ではこの4分類を未確認。capability OS、Harvard、typed IRとの比較なしに新規としない。
C13,Program/Graph/Data/Experienceの書込み権限を分離する,Sonatine限定実装,未確立,sonatine/include/plane_authority.h; sonatine/src/job_authority.c; ADR-0030,EDGE,U,E1,https://www.cs.utexas.edu/~cart/trips/publications/computer04.pdf,"IEEE Computer, July 2004, pp.44–55: Architecture Comparisons, printed p.45 / PDF p.2; EDGE ISA discussion, printed p.46 / PDF p.3; TRIPS architecture discussion, printed p.47 / PDF p.4",確認したEDGE資料では「Program/Graph/Data/Experienceの書込み権限を分離する」を判定する記載を確認できない。機能の不存在・独自性を意味しない。,10系統の本文ではこの4分類を未確認。capability OS、Harvard、typed IRとの比較なしに新規としない。
C13,Program/Graph/Data/Experienceの書込み権限を分離する,Sonatine限定実装,未確立,sonatine/include/plane_authority.h; sonatine/src/job_authority.c; ADR-0030,CGRA,U,A1,https://cecs.uci.edu/~papers/date08/PAPERS/2004/DATE04/PDFFILES/09G_2.PDF,"DATE 2004, 6-page conference paper: §2 ADRES Architecture Overview, PDF pp.1–2; §3 C-Based Design Flow, PDF pp.2–3",確認したCGRA資料では「Program/Graph/Data/Experienceの書込み権限を分離する」を判定する記載を確認できない。機能の不存在・独自性を意味しない。,10系統の本文ではこの4分類を未確認。capability OS、Harvard、typed IRとの比較なしに新規としない。
C13,Program/Graph/Data/Experienceの書込み権限を分離する,Sonatine限定実装,未確立,sonatine/include/plane_authority.h; sonatine/src/job_authority.c; ADR-0030,dataflow machine,U,D1; D2,https://cartheur.com/Files/manchester-data-flow.pdf; https://homes.cs.washington.edu/~oskin/wavescalar.pdf,"CACM 28(1), January 1985, pp.34–52: printed pp.34–39 / PDF pp.1–6: graphs, firing rules, static versus dynamic dataflow; printed p.39 / PDF p.6: matching unit, tags, token queue, instruction store; MICRO-36 2003, 12-page author PDF: §1 Introduction, PDF pp.1–2: resident instructions in WaveCache; §3, wave-ordered memory; §4 WaveCache architecture",確認したdataflow machine資料では「Program/Graph/Data/Experienceの書込み権限を分離する」を判定する記載を確認できない。機能の不存在・独自性を意味しない。,10系統の本文ではこの4分類を未確認。capability OS、Harvard、typed IRとの比較なしに新規としない。
C14,variantをprogram/contract/target等のidentityに束縛する,host限定実装,未確立,"raveil/graph_mvp.py:GraphVariant,OptimizationProposal,MiroirsStructuralValidator; raveil/static_region.py:configuration_id",Groq,U,G1,https://www.researchgate.net/publication/342914141_Think_Fast_A_Tensor_Streaming_Processor_TSP_for_Accelerating_Deep_Learning_Workloads,"ISCA 2020; DOI 10.1109/ISCA45697.2020.00023; author upload 2022-01-24: §I.A–B, printed pp.146–147: functional slicing / parallel lanes and streams; §II Architecture Overview, printed p.147; §II.C staggered instruction execution; §II, printed p.147 and §II.B memory bandwidth; §III.A instruction fetching",確認したGroq資料では「variantをprogram/contract/target等のidentityに束縛する」を判定する記載を確認できない。機能の不存在・独自性を意味しない。,hashと来歴束縛だけでは新規性なし。content-addressed build、artifact signing、cache invalidationとの比較が必要。
C14,variantをprogram/contract/target等のidentityに束縛する,host限定実装,未確立,"raveil/graph_mvp.py:GraphVariant,OptimizationProposal,MiroirsStructuralValidator; raveil/static_region.py:configuration_id",SambaNova,U,S1,https://hc33.hotchips.org/assets/program/conference/day2/SambaNova%20HotChips%202021%20Aug%2023%20v1.pdf,"Hot Chips 33, 2021-08-24: slides 5–6: SambaFlow / spatial compilation; slides 11–16: tile, PCU, PMU, address generation, switch; slides 4, 11: host and RDU connectivity",確認したSambaNova資料では「variantをprogram/contract/target等のidentityに束縛する」を判定する記載を確認できない。機能の不存在・独自性を意味しない。,hashと来歴束縛だけでは新規性なし。content-addressed build、artifact signing、cache invalidationとの比較が必要。
C14,variantをprogram/contract/target等のidentityに束縛する,host限定実装,未確立,"raveil/graph_mvp.py:GraphVariant,OptimizationProposal,MiroirsStructuralValidator; raveil/static_region.py:configuration_id",Graphcore,U,I1; I2,https://docs.graphcore.ai/projects/ipu-programmers-guide/en/3.3.0/about_ipu.html; https://docs.graphcore.ai/projects/ipu-programmers-guide/en/3.3.0/programming_model.html,"SDK guide 3.3.0: §2.1 Memory architecture; §2.2 Execution; §2.3 Tile architecture; SDK guide 3.3.0: §3.2.1 Data variables; §3.2.2 Copying data and executing compute sets; §3.2.4 Compute sets; §3.2.3 Control flow: sequences, conditionals and loops; §3.5.1 Variable liveness",確認したGraphcore資料では「variantをprogram/contract/target等のidentityに束縛する」を判定する記載を確認できない。機能の不存在・独自性を意味しない。,hashと来歴束縛だけでは新規性なし。content-addressed build、artifact signing、cache invalidationとの比較が必要。
C14,variantをprogram/contract/target等のidentityに束縛する,host限定実装,未確立,"raveil/graph_mvp.py:GraphVariant,OptimizationProposal,MiroirsStructuralValidator; raveil/static_region.py:configuration_id",Cerebras,U,C1,https://cerebras-sdk-docs-140.netlify.app/computing-with-cerebras,Cerebras SDK documentation 1.4.0: A processing element (PE); The programming model; Programs and Tasks; Task IDs and Types of Tasks; Communication; Communication and examples of @bind_data_task,確認したCerebras資料では「variantをprogram/contract/target等のidentityに束縛する」を判定する記載を確認できない。機能の不存在・独自性を意味しない。,hashと来歴束縛だけでは新規性なし。content-addressed build、artifact signing、cache invalidationとの比較が必要。
C14,variantをprogram/contract/target等のidentityに束縛する,host限定実装,未確立,"raveil/graph_mvp.py:GraphVariant,OptimizationProposal,MiroirsStructuralValidator; raveil/static_region.py:configuration_id",Tenstorrent,U,T1,https://docs.tenstorrent.com/tt-metal/v0.59.0/tt-metalium/tt_metal/examples/eltwise_binary.html,TT-Metalium v0.59.0: Circular buffers; Data movement and compute kernels; Host code / CreateKernel / EnqueueWriteBuffer; reader and compute kernel listings,確認したTenstorrent資料では「variantをprogram/contract/target等のidentityに束縛する」を判定する記載を確認できない。機能の不存在・独自性を意味しない。,hashと来歴束縛だけでは新規性なし。content-addressed build、artifact signing、cache invalidationとの比較が必要。
C14,variantをprogram/contract/target等のidentityに束縛する,host限定実装,未確立,"raveil/graph_mvp.py:GraphVariant,OptimizationProposal,MiroirsStructuralValidator; raveil/static_region.py:configuration_id",Plasticine,U,P1,https://csl.stanford.edu/~christos/publications/2017.plasticine.isca.pdf,"ISCA 2017; DOI 10.1145/3079856.3080256: §2 Parallel Patterns, PDF pp.2–3; §3.1 PCU / §3.2 PMU, PDF pp.4–5; §3.3 Interconnect / §3.4 Off-chip Memory Access, PDF p.6; §3.5 Control Flow, PDF pp.6–7",確認したPlasticine資料では「variantをprogram/contract/target等のidentityに束縛する」を判定する記載を確認できない。機能の不存在・独自性を意味しない。,hashと来歴束縛だけでは新規性なし。content-addressed build、artifact signing、cache invalidationとの比較が必要。
C14,variantをprogram/contract/target等のidentityに束縛する,host限定実装,未確立,"raveil/graph_mvp.py:GraphVariant,OptimizationProposal,MiroirsStructuralValidator; raveil/static_region.py:configuration_id",TRIPS,U,R1,https://www.cs.utexas.edu/~mckinley/papers/trips-eval-asplos-2009.pdf,"ASPLOS 2009, author PDF: §2 TRIPS System Overview, PDF pp.2–3: EDGE ISA and block outputs; §2, PDF p.3: TRIPS Microarchitecture; §2, PDF pp.3–4: TRIPS Compiler",確認したTRIPS資料では「variantをprogram/contract/target等のidentityに束縛する」を判定する記載を確認できない。機能の不存在・独自性を意味しない。,hashと来歴束縛だけでは新規性なし。content-addressed build、artifact signing、cache invalidationとの比較が必要。
C14,variantをprogram/contract/target等のidentityに束縛する,host限定実装,未確立,"raveil/graph_mvp.py:GraphVariant,OptimizationProposal,MiroirsStructuralValidator; raveil/static_region.py:configuration_id",EDGE,U,E1,https://www.cs.utexas.edu/~cart/trips/publications/computer04.pdf,"IEEE Computer, July 2004, pp.44–55: Architecture Comparisons, printed p.45 / PDF p.2; EDGE ISA discussion, printed p.46 / PDF p.3; TRIPS architecture discussion, printed p.47 / PDF p.4",確認したEDGE資料では「variantをprogram/contract/target等のidentityに束縛する」を判定する記載を確認できない。機能の不存在・独自性を意味しない。,hashと来歴束縛だけでは新規性なし。content-addressed build、artifact signing、cache invalidationとの比較が必要。
C14,variantをprogram/contract/target等のidentityに束縛する,host限定実装,未確立,"raveil/graph_mvp.py:GraphVariant,OptimizationProposal,MiroirsStructuralValidator; raveil/static_region.py:configuration_id",CGRA,U,A1,https://cecs.uci.edu/~papers/date08/PAPERS/2004/DATE04/PDFFILES/09G_2.PDF,"DATE 2004, 6-page conference paper: §2 ADRES Architecture Overview, PDF pp.1–2; §3 C-Based Design Flow, PDF pp.2–3",確認したCGRA資料では「variantをprogram/contract/target等のidentityに束縛する」を判定する記載を確認できない。機能の不存在・独自性を意味しない。,hashと来歴束縛だけでは新規性なし。content-addressed build、artifact signing、cache invalidationとの比較が必要。
C14,variantをprogram/contract/target等のidentityに束縛する,host限定実装,未確立,"raveil/graph_mvp.py:GraphVariant,OptimizationProposal,MiroirsStructuralValidator; raveil/static_region.py:configuration_id",dataflow machine,U,D1; D2,https://cartheur.com/Files/manchester-data-flow.pdf; https://homes.cs.washington.edu/~oskin/wavescalar.pdf,"CACM 28(1), January 1985, pp.34–52: printed pp.34–39 / PDF pp.1–6: graphs, firing rules, static versus dynamic dataflow; printed p.39 / PDF p.6: matching unit, tags, token queue, instruction store; MICRO-36 2003, 12-page author PDF: §1 Introduction, PDF pp.1–2: resident instructions in WaveCache; §3, wave-ordered memory; §4 WaveCache architecture",確認したdataflow machine資料では「variantをprogram/contract/target等のidentityに束縛する」を判定する記載を確認できない。機能の不存在・独自性を意味しない。,hashと来歴束縛だけでは新規性なし。content-addressed build、artifact signing、cache invalidationとの比較が必要。
C15,最適化結果を独立した意味検査で検証する,有限入力で実装,部分重複,raveil/graph_mvp.py:PavaneSemanticOracle; raveil/static_region.py:static_stencil_oracle,Groq,U,G1,https://www.researchgate.net/publication/342914141_Think_Fast_A_Tensor_Streaming_Processor_TSP_for_Accelerating_Deep_Learning_Workloads,"ISCA 2020; DOI 10.1109/ISCA45697.2020.00023; author upload 2022-01-24: §I.A–B, printed pp.146–147: functional slicing / parallel lanes and streams; §II Architecture Overview, printed p.147; §II.C staggered instruction execution; §II, printed p.147 and §II.B memory bandwidth; §III.A instruction fetching",確認したGroq資料では「最適化結果を独立した意味検査で検証する」を判定する記載を確認できない。機能の不存在・独自性を意味しない。,X1が直接の検証思想先行。checksum一致は全入力意味等価証明ではない。
C15,最適化結果を独立した意味検査で検証する,有限入力で実装,部分重複,raveil/graph_mvp.py:PavaneSemanticOracle; raveil/static_region.py:static_stencil_oracle,SambaNova,U,S1,https://hc33.hotchips.org/assets/program/conference/day2/SambaNova%20HotChips%202021%20Aug%2023%20v1.pdf,"Hot Chips 33, 2021-08-24: slides 5–6: SambaFlow / spatial compilation; slides 11–16: tile, PCU, PMU, address generation, switch; slides 4, 11: host and RDU connectivity",確認したSambaNova資料では「最適化結果を独立した意味検査で検証する」を判定する記載を確認できない。機能の不存在・独自性を意味しない。,X1が直接の検証思想先行。checksum一致は全入力意味等価証明ではない。
C15,最適化結果を独立した意味検査で検証する,有限入力で実装,部分重複,raveil/graph_mvp.py:PavaneSemanticOracle; raveil/static_region.py:static_stencil_oracle,Graphcore,U,I1; I2,https://docs.graphcore.ai/projects/ipu-programmers-guide/en/3.3.0/about_ipu.html; https://docs.graphcore.ai/projects/ipu-programmers-guide/en/3.3.0/programming_model.html,"SDK guide 3.3.0: §2.1 Memory architecture; §2.2 Execution; §2.3 Tile architecture; SDK guide 3.3.0: §3.2.1 Data variables; §3.2.2 Copying data and executing compute sets; §3.2.4 Compute sets; §3.2.3 Control flow: sequences, conditionals and loops; §3.5.1 Variable liveness",確認したGraphcore資料では「最適化結果を独立した意味検査で検証する」を判定する記載を確認できない。機能の不存在・独自性を意味しない。,X1が直接の検証思想先行。checksum一致は全入力意味等価証明ではない。
C15,最適化結果を独立した意味検査で検証する,有限入力で実装,部分重複,raveil/graph_mvp.py:PavaneSemanticOracle; raveil/static_region.py:static_stencil_oracle,Cerebras,U,C1,https://cerebras-sdk-docs-140.netlify.app/computing-with-cerebras,Cerebras SDK documentation 1.4.0: A processing element (PE); The programming model; Programs and Tasks; Task IDs and Types of Tasks; Communication; Communication and examples of @bind_data_task,確認したCerebras資料では「最適化結果を独立した意味検査で検証する」を判定する記載を確認できない。機能の不存在・独自性を意味しない。,X1が直接の検証思想先行。checksum一致は全入力意味等価証明ではない。
C15,最適化結果を独立した意味検査で検証する,有限入力で実装,部分重複,raveil/graph_mvp.py:PavaneSemanticOracle; raveil/static_region.py:static_stencil_oracle,Tenstorrent,U,T1,https://docs.tenstorrent.com/tt-metal/v0.59.0/tt-metalium/tt_metal/examples/eltwise_binary.html,TT-Metalium v0.59.0: Circular buffers; Data movement and compute kernels; Host code / CreateKernel / EnqueueWriteBuffer; reader and compute kernel listings,確認したTenstorrent資料では「最適化結果を独立した意味検査で検証する」を判定する記載を確認できない。機能の不存在・独自性を意味しない。,X1が直接の検証思想先行。checksum一致は全入力意味等価証明ではない。
C15,最適化結果を独立した意味検査で検証する,有限入力で実装,部分重複,raveil/graph_mvp.py:PavaneSemanticOracle; raveil/static_region.py:static_stencil_oracle,Plasticine,U,P1,https://csl.stanford.edu/~christos/publications/2017.plasticine.isca.pdf,"ISCA 2017; DOI 10.1145/3079856.3080256: §2 Parallel Patterns, PDF pp.2–3; §3.1 PCU / §3.2 PMU, PDF pp.4–5; §3.3 Interconnect / §3.4 Off-chip Memory Access, PDF p.6; §3.5 Control Flow, PDF pp.6–7",確認したPlasticine資料では「最適化結果を独立した意味検査で検証する」を判定する記載を確認できない。機能の不存在・独自性を意味しない。,X1が直接の検証思想先行。checksum一致は全入力意味等価証明ではない。
C15,最適化結果を独立した意味検査で検証する,有限入力で実装,部分重複,raveil/graph_mvp.py:PavaneSemanticOracle; raveil/static_region.py:static_stencil_oracle,TRIPS,U,R1,https://www.cs.utexas.edu/~mckinley/papers/trips-eval-asplos-2009.pdf,"ASPLOS 2009, author PDF: §2 TRIPS System Overview, PDF pp.2–3: EDGE ISA and block outputs; §2, PDF p.3: TRIPS Microarchitecture; §2, PDF pp.3–4: TRIPS Compiler",確認したTRIPS資料では「最適化結果を独立した意味検査で検証する」を判定する記載を確認できない。機能の不存在・独自性を意味しない。,X1が直接の検証思想先行。checksum一致は全入力意味等価証明ではない。
C15,最適化結果を独立した意味検査で検証する,有限入力で実装,部分重複,raveil/graph_mvp.py:PavaneSemanticOracle; raveil/static_region.py:static_stencil_oracle,EDGE,U,E1,https://www.cs.utexas.edu/~cart/trips/publications/computer04.pdf,"IEEE Computer, July 2004, pp.44–55: Architecture Comparisons, printed p.45 / PDF p.2; EDGE ISA discussion, printed p.46 / PDF p.3; TRIPS architecture discussion, printed p.47 / PDF p.4",確認したEDGE資料では「最適化結果を独立した意味検査で検証する」を判定する記載を確認できない。機能の不存在・独自性を意味しない。,X1が直接の検証思想先行。checksum一致は全入力意味等価証明ではない。
C15,最適化結果を独立した意味検査で検証する,有限入力で実装,部分重複,raveil/graph_mvp.py:PavaneSemanticOracle; raveil/static_region.py:static_stencil_oracle,CGRA,U,A1,https://cecs.uci.edu/~papers/date08/PAPERS/2004/DATE04/PDFFILES/09G_2.PDF,"DATE 2004, 6-page conference paper: §2 ADRES Architecture Overview, PDF pp.1–2; §3 C-Based Design Flow, PDF pp.2–3",確認したCGRA資料では「最適化結果を独立した意味検査で検証する」を判定する記載を確認できない。機能の不存在・独自性を意味しない。,X1が直接の検証思想先行。checksum一致は全入力意味等価証明ではない。
C15,最適化結果を独立した意味検査で検証する,有限入力で実装,部分重複,raveil/graph_mvp.py:PavaneSemanticOracle; raveil/static_region.py:static_stencil_oracle,dataflow machine,U,D1; D2,https://cartheur.com/Files/manchester-data-flow.pdf; https://homes.cs.washington.edu/~oskin/wavescalar.pdf,"CACM 28(1), January 1985, pp.34–52: printed pp.34–39 / PDF pp.1–6: graphs, firing rules, static versus dynamic dataflow; printed p.39 / PDF p.6: matching unit, tags, token queue, instruction store; MICRO-36 2003, 12-page author PDF: §1 Introduction, PDF pp.1–2: resident instructions in WaveCache; §3, wave-ordered memory; §4 WaveCache architecture",確認したdataflow machine資料では「最適化結果を独立した意味検査で検証する」を判定する記載を確認できない。機能の不存在・独自性を意味しない。,X1が直接の検証思想先行。checksum一致は全入力意味等価証明ではない。
C16,検証承認まで出力をprivateに保ち可視化を遅延する,Sonatine byte shadow実装；Graph全lifecycle未完,部分重複,"sonatine/src/job_authority.c; ADR-0031; RFC-0005 §Completion, interruption, and publication",Groq,U,G1,https://www.researchgate.net/publication/342914141_Think_Fast_A_Tensor_Streaming_Processor_TSP_for_Accelerating_Deep_Learning_Workloads,"ISCA 2020; DOI 10.1109/ISCA45697.2020.00023; author upload 2022-01-24: §I.A–B, printed pp.146–147: functional slicing / parallel lanes and streams; §II Architecture Overview, printed p.147; §II.C staggered instruction execution; §II, printed p.147 and §II.B memory bandwidth; §III.A instruction fetching",確認したGroq資料では「検証承認まで出力をprivateに保ち可視化を遅延する」を判定する記載を確認できない。機能の不存在・独自性を意味しない。,TRIPS block commitと可視化延期が類似。Raveil job/object publicationはCPU architectural commitと同一ではない。
C16,検証承認まで出力をprivateに保ち可視化を遅延する,Sonatine byte shadow実装；Graph全lifecycle未完,部分重複,"sonatine/src/job_authority.c; ADR-0031; RFC-0005 §Completion, interruption, and publication",SambaNova,U,S1,https://hc33.hotchips.org/assets/program/conference/day2/SambaNova%20HotChips%202021%20Aug%2023%20v1.pdf,"Hot Chips 33, 2021-08-24: slides 5–6: SambaFlow / spatial compilation; slides 11–16: tile, PCU, PMU, address generation, switch; slides 4, 11: host and RDU connectivity",確認したSambaNova資料では「検証承認まで出力をprivateに保ち可視化を遅延する」を判定する記載を確認できない。機能の不存在・独自性を意味しない。,TRIPS block commitと可視化延期が類似。Raveil job/object publicationはCPU architectural commitと同一ではない。
C16,検証承認まで出力をprivateに保ち可視化を遅延する,Sonatine byte shadow実装；Graph全lifecycle未完,部分重複,"sonatine/src/job_authority.c; ADR-0031; RFC-0005 §Completion, interruption, and publication",Graphcore,U,I1; I2,https://docs.graphcore.ai/projects/ipu-programmers-guide/en/3.3.0/about_ipu.html; https://docs.graphcore.ai/projects/ipu-programmers-guide/en/3.3.0/programming_model.html,"SDK guide 3.3.0: §2.1 Memory architecture; §2.2 Execution; §2.3 Tile architecture; SDK guide 3.3.0: §3.2.1 Data variables; §3.2.2 Copying data and executing compute sets; §3.2.4 Compute sets; §3.2.3 Control flow: sequences, conditionals and loops; §3.5.1 Variable liveness",確認したGraphcore資料では「検証承認まで出力をprivateに保ち可視化を遅延する」を判定する記載を確認できない。機能の不存在・独自性を意味しない。,TRIPS block commitと可視化延期が類似。Raveil job/object publicationはCPU architectural commitと同一ではない。
C16,検証承認まで出力をprivateに保ち可視化を遅延する,Sonatine byte shadow実装；Graph全lifecycle未完,部分重複,"sonatine/src/job_authority.c; ADR-0031; RFC-0005 §Completion, interruption, and publication",Cerebras,U,C1,https://cerebras-sdk-docs-140.netlify.app/computing-with-cerebras,Cerebras SDK documentation 1.4.0: A processing element (PE); The programming model; Programs and Tasks; Task IDs and Types of Tasks; Communication; Communication and examples of @bind_data_task,確認したCerebras資料では「検証承認まで出力をprivateに保ち可視化を遅延する」を判定する記載を確認できない。機能の不存在・独自性を意味しない。,TRIPS block commitと可視化延期が類似。Raveil job/object publicationはCPU architectural commitと同一ではない。
C16,検証承認まで出力をprivateに保ち可視化を遅延する,Sonatine byte shadow実装；Graph全lifecycle未完,部分重複,"sonatine/src/job_authority.c; ADR-0031; RFC-0005 §Completion, interruption, and publication",Tenstorrent,P,T1,https://docs.tenstorrent.com/tt-metal/v0.59.0/tt-metalium/tt_metal/examples/eltwise_binary.html,Data movement and compute kernels,read barrier後CBへpushするが、意味検査承認後のobject publicationとは異なる。,TRIPS block commitと可視化延期が類似。Raveil job/object publicationはCPU architectural commitと同一ではない。
C16,検証承認まで出力をprivateに保ち可視化を遅延する,Sonatine byte shadow実装；Graph全lifecycle未完,部分重複,"sonatine/src/job_authority.c; ADR-0031; RFC-0005 §Completion, interruption, and publication",Plasticine,U,P1,https://csl.stanford.edu/~christos/publications/2017.plasticine.isca.pdf,"ISCA 2017; DOI 10.1145/3079856.3080256: §2 Parallel Patterns, PDF pp.2–3; §3.1 PCU / §3.2 PMU, PDF pp.4–5; §3.3 Interconnect / §3.4 Off-chip Memory Access, PDF p.6; §3.5 Control Flow, PDF pp.6–7",確認したPlasticine資料では「検証承認まで出力をprivateに保ち可視化を遅延する」を判定する記載を確認できない。機能の不存在・独自性を意味しない。,TRIPS block commitと可視化延期が類似。Raveil job/object publicationはCPU architectural commitと同一ではない。
C16,検証承認まで出力をprivateに保ち可視化を遅延する,Sonatine byte shadow実装；Graph全lifecycle未完,部分重複,"sonatine/src/job_authority.c; ADR-0031; RFC-0005 §Completion, interruption, and publication",TRIPS,P,R1,https://www.cs.utexas.edu/~mckinley/papers/trips-eval-asplos-2009.pdf,"§2, PDF p.3: TRIPS Microarchitecture",speculative block stateのcommitで可視化。Raveil oracle承認のjob publicationとは異なる。,TRIPS block commitと可視化延期が類似。Raveil job/object publicationはCPU architectural commitと同一ではない。
C16,検証承認まで出力をprivateに保ち可視化を遅延する,Sonatine byte shadow実装；Graph全lifecycle未完,部分重複,"sonatine/src/job_authority.c; ADR-0031; RFC-0005 §Completion, interruption, and publication",EDGE,P,E1,https://www.cs.utexas.edu/~cart/trips/publications/computer04.pdf,"TRIPS architecture discussion, printed p.47 / PDF p.4",distributed commitの先行例。ただしjob publicationの同一性はない。,TRIPS block commitと可視化延期が類似。Raveil job/object publicationはCPU architectural commitと同一ではない。
C16,検証承認まで出力をprivateに保ち可視化を遅延する,Sonatine byte shadow実装；Graph全lifecycle未完,部分重複,"sonatine/src/job_authority.c; ADR-0031; RFC-0005 §Completion, interruption, and publication",CGRA,U,A1,https://cecs.uci.edu/~papers/date08/PAPERS/2004/DATE04/PDFFILES/09G_2.PDF,"DATE 2004, 6-page conference paper: §2 ADRES Architecture Overview, PDF pp.1–2; §3 C-Based Design Flow, PDF pp.2–3",確認したCGRA資料では「検証承認まで出力をprivateに保ち可視化を遅延する」を判定する記載を確認できない。機能の不存在・独自性を意味しない。,TRIPS block commitと可視化延期が類似。Raveil job/object publicationはCPU architectural commitと同一ではない。
C16,検証承認まで出力をprivateに保ち可視化を遅延する,Sonatine byte shadow実装；Graph全lifecycle未完,部分重複,"sonatine/src/job_authority.c; ADR-0031; RFC-0005 §Completion, interruption, and publication",dataflow machine,U,D1; D2,https://cartheur.com/Files/manchester-data-flow.pdf; https://homes.cs.washington.edu/~oskin/wavescalar.pdf,"CACM 28(1), January 1985, pp.34–52: printed pp.34–39 / PDF pp.1–6: graphs, firing rules, static versus dynamic dataflow; printed p.39 / PDF p.6: matching unit, tags, token queue, instruction store; MICRO-36 2003, 12-page author PDF: §1 Introduction, PDF pp.1–2: resident instructions in WaveCache; §3, wave-ordered memory; §4 WaveCache architecture",確認したdataflow machine資料では「検証承認まで出力をprivateに保ち可視化を遅延する」を判定する記載を確認できない。機能の不存在・独自性を意味しない。,TRIPS block commitと可視化延期が類似。Raveil job/object publicationはCPU architectural commitと同一ではない。
C17,cancel時に未公開出力を無効化する,限定simulation/host,部分重複,"hardware/chisel/StaticStencilRegion.scala; tests/test_simulation_adapter.py; RFC-0005 §Completion, interruption, and publication",Groq,U,G1,https://www.researchgate.net/publication/342914141_Think_Fast_A_Tensor_Streaming_Processor_TSP_for_Accelerating_Deep_Learning_Workloads,"ISCA 2020; DOI 10.1109/ISCA45697.2020.00023; author upload 2022-01-24: §I.A–B, printed pp.146–147: functional slicing / parallel lanes and streams; §II Architecture Overview, printed p.147; §II.C staggered instruction execution; §II, printed p.147 and §II.B memory bandwidth; §III.A instruction fetching",確認したGroq資料では「cancel時に未公開出力を無効化する」を判定する記載を確認できない。機能の不存在・独自性を意味しない。,speculative state discardやtransaction rollbackとの比較が必要。全CPU post-A rollbackは未完。
C17,cancel時に未公開出力を無効化する,限定simulation/host,部分重複,"hardware/chisel/StaticStencilRegion.scala; tests/test_simulation_adapter.py; RFC-0005 §Completion, interruption, and publication",SambaNova,U,S1,https://hc33.hotchips.org/assets/program/conference/day2/SambaNova%20HotChips%202021%20Aug%2023%20v1.pdf,"Hot Chips 33, 2021-08-24: slides 5–6: SambaFlow / spatial compilation; slides 11–16: tile, PCU, PMU, address generation, switch; slides 4, 11: host and RDU connectivity",確認したSambaNova資料では「cancel時に未公開出力を無効化する」を判定する記載を確認できない。機能の不存在・独自性を意味しない。,speculative state discardやtransaction rollbackとの比較が必要。全CPU post-A rollbackは未完。
C17,cancel時に未公開出力を無効化する,限定simulation/host,部分重複,"hardware/chisel/StaticStencilRegion.scala; tests/test_simulation_adapter.py; RFC-0005 §Completion, interruption, and publication",Graphcore,U,I1; I2,https://docs.graphcore.ai/projects/ipu-programmers-guide/en/3.3.0/about_ipu.html; https://docs.graphcore.ai/projects/ipu-programmers-guide/en/3.3.0/programming_model.html,"SDK guide 3.3.0: §2.1 Memory architecture; §2.2 Execution; §2.3 Tile architecture; SDK guide 3.3.0: §3.2.1 Data variables; §3.2.2 Copying data and executing compute sets; §3.2.4 Compute sets; §3.2.3 Control flow: sequences, conditionals and loops; §3.5.1 Variable liveness",確認したGraphcore資料では「cancel時に未公開出力を無効化する」を判定する記載を確認できない。機能の不存在・独自性を意味しない。,speculative state discardやtransaction rollbackとの比較が必要。全CPU post-A rollbackは未完。
C17,cancel時に未公開出力を無効化する,限定simulation/host,部分重複,"hardware/chisel/StaticStencilRegion.scala; tests/test_simulation_adapter.py; RFC-0005 §Completion, interruption, and publication",Cerebras,U,C1,https://cerebras-sdk-docs-140.netlify.app/computing-with-cerebras,Cerebras SDK documentation 1.4.0: A processing element (PE); The programming model; Programs and Tasks; Task IDs and Types of Tasks; Communication; Communication and examples of @bind_data_task,確認したCerebras資料では「cancel時に未公開出力を無効化する」を判定する記載を確認できない。機能の不存在・独自性を意味しない。,speculative state discardやtransaction rollbackとの比較が必要。全CPU post-A rollbackは未完。
C17,cancel時に未公開出力を無効化する,限定simulation/host,部分重複,"hardware/chisel/StaticStencilRegion.scala; tests/test_simulation_adapter.py; RFC-0005 §Completion, interruption, and publication",Tenstorrent,U,T1,https://docs.tenstorrent.com/tt-metal/v0.59.0/tt-metalium/tt_metal/examples/eltwise_binary.html,TT-Metalium v0.59.0: Circular buffers; Data movement and compute kernels; Host code / CreateKernel / EnqueueWriteBuffer; reader and compute kernel listings,確認したTenstorrent資料では「cancel時に未公開出力を無効化する」を判定する記載を確認できない。機能の不存在・独自性を意味しない。,speculative state discardやtransaction rollbackとの比較が必要。全CPU post-A rollbackは未完。
C17,cancel時に未公開出力を無効化する,限定simulation/host,部分重複,"hardware/chisel/StaticStencilRegion.scala; tests/test_simulation_adapter.py; RFC-0005 §Completion, interruption, and publication",Plasticine,U,P1,https://csl.stanford.edu/~christos/publications/2017.plasticine.isca.pdf,"ISCA 2017; DOI 10.1145/3079856.3080256: §2 Parallel Patterns, PDF pp.2–3; §3.1 PCU / §3.2 PMU, PDF pp.4–5; §3.3 Interconnect / §3.4 Off-chip Memory Access, PDF p.6; §3.5 Control Flow, PDF pp.6–7",確認したPlasticine資料では「cancel時に未公開出力を無効化する」を判定する記載を確認できない。機能の不存在・独自性を意味しない。,speculative state discardやtransaction rollbackとの比較が必要。全CPU post-A rollbackは未完。
C17,cancel時に未公開出力を無効化する,限定simulation/host,部分重複,"hardware/chisel/StaticStencilRegion.scala; tests/test_simulation_adapter.py; RFC-0005 §Completion, interruption, and publication",TRIPS,P,R1,https://www.cs.utexas.edu/~mckinley/papers/trips-eval-asplos-2009.pdf,"§2, PDF p.3: TRIPS Microarchitecture",speculative block state管理が類似。Raveil cancel API/invalid output protocolと同一ではない。,speculative state discardやtransaction rollbackとの比較が必要。全CPU post-A rollbackは未完。
C17,cancel時に未公開出力を無効化する,限定simulation/host,部分重複,"hardware/chisel/StaticStencilRegion.scala; tests/test_simulation_adapter.py; RFC-0005 §Completion, interruption, and publication",EDGE,U,E1,https://www.cs.utexas.edu/~cart/trips/publications/computer04.pdf,"IEEE Computer, July 2004, pp.44–55: Architecture Comparisons, printed p.45 / PDF p.2; EDGE ISA discussion, printed p.46 / PDF p.3; TRIPS architecture discussion, printed p.47 / PDF p.4",確認したEDGE資料では「cancel時に未公開出力を無効化する」を判定する記載を確認できない。機能の不存在・独自性を意味しない。,speculative state discardやtransaction rollbackとの比較が必要。全CPU post-A rollbackは未完。
C17,cancel時に未公開出力を無効化する,限定simulation/host,部分重複,"hardware/chisel/StaticStencilRegion.scala; tests/test_simulation_adapter.py; RFC-0005 §Completion, interruption, and publication",CGRA,U,A1,https://cecs.uci.edu/~papers/date08/PAPERS/2004/DATE04/PDFFILES/09G_2.PDF,"DATE 2004, 6-page conference paper: §2 ADRES Architecture Overview, PDF pp.1–2; §3 C-Based Design Flow, PDF pp.2–3",確認したCGRA資料では「cancel時に未公開出力を無効化する」を判定する記載を確認できない。機能の不存在・独自性を意味しない。,speculative state discardやtransaction rollbackとの比較が必要。全CPU post-A rollbackは未完。
C17,cancel時に未公開出力を無効化する,限定simulation/host,部分重複,"hardware/chisel/StaticStencilRegion.scala; tests/test_simulation_adapter.py; RFC-0005 §Completion, interruption, and publication",dataflow machine,U,D1; D2,https://cartheur.com/Files/manchester-data-flow.pdf; https://homes.cs.washington.edu/~oskin/wavescalar.pdf,"CACM 28(1), January 1985, pp.34–52: printed pp.34–39 / PDF pp.1–6: graphs, firing rules, static versus dynamic dataflow; printed p.39 / PDF p.6: matching unit, tags, token queue, instruction store; MICRO-36 2003, 12-page author PDF: §1 Introduction, PDF pp.1–2: resident instructions in WaveCache; §3, wave-ordered memory; §4 WaveCache architecture",確認したdataflow machine資料では「cancel時に未公開出力を無効化する」を判定する記載を確認できない。機能の不存在・独自性を意味しない。,speculative state discardやtransaction rollbackとの比較が必要。全CPU post-A rollbackは未完。
C18,admitするgraphの大きさを制限する,限定実装,既知,raveil/static_region.py:validate_static_stencil_descriptor; RFC-0005 §Candidate boundary,Groq,P,G1,https://www.researchgate.net/publication/342914141_Think_Fast_A_Tensor_Streaming_Processor_TSP_for_Accelerating_Deep_Learning_Workloads,"§II Architecture Overview, printed p.147; §II.C staggered instruction execution",有限stream/queue資源。admitted graph node上限と同一ではない。,TRIPS等のbounded blockが先行。64 nodes/128 edgesという定数自体は研究貢献ではない。
C18,admitするgraphの大きさを制限する,限定実装,既知,raveil/static_region.py:validate_static_stencil_descriptor; RFC-0005 §Candidate boundary,SambaNova,U,S1,https://hc33.hotchips.org/assets/program/conference/day2/SambaNova%20HotChips%202021%20Aug%2023%20v1.pdf,"Hot Chips 33, 2021-08-24: slides 5–6: SambaFlow / spatial compilation; slides 11–16: tile, PCU, PMU, address generation, switch; slides 4, 11: host and RDU connectivity",確認したSambaNova資料では「admitするgraphの大きさを制限する」を判定する記載を確認できない。機能の不存在・独自性を意味しない。,TRIPS等のbounded blockが先行。64 nodes/128 edgesという定数自体は研究貢献ではない。
C18,admitするgraphの大きさを制限する,限定実装,既知,raveil/static_region.py:validate_static_stencil_descriptor; RFC-0005 §Candidate boundary,Graphcore,P,I2,https://docs.graphcore.ai/projects/ipu-programmers-guide/en/3.3.0/programming_model.html,§3.2.1 Data variables; §3.2.2 Copying data and executing compute sets; §3.2.4 Compute sets,コンパイル時に対象tile/変数集合を固定。Raveilのnode上限契約とは違う。,TRIPS等のbounded blockが先行。64 nodes/128 edgesという定数自体は研究貢献ではない。
C18,admitするgraphの大きさを制限する,限定実装,既知,raveil/static_region.py:validate_static_stencil_descriptor; RFC-0005 §Candidate boundary,Cerebras,U,C1,https://cerebras-sdk-docs-140.netlify.app/computing-with-cerebras,Cerebras SDK documentation 1.4.0: A processing element (PE); The programming model; Programs and Tasks; Task IDs and Types of Tasks; Communication; Communication and examples of @bind_data_task,確認したCerebras資料では「admitするgraphの大きさを制限する」を判定する記載を確認できない。機能の不存在・独自性を意味しない。,TRIPS等のbounded blockが先行。64 nodes/128 edgesという定数自体は研究貢献ではない。
C18,admitするgraphの大きさを制限する,限定実装,既知,raveil/static_region.py:validate_static_stencil_descriptor; RFC-0005 §Candidate boundary,Tenstorrent,U,T1,https://docs.tenstorrent.com/tt-metal/v0.59.0/tt-metalium/tt_metal/examples/eltwise_binary.html,TT-Metalium v0.59.0: Circular buffers; Data movement and compute kernels; Host code / CreateKernel / EnqueueWriteBuffer; reader and compute kernel listings,確認したTenstorrent資料では「admitするgraphの大きさを制限する」を判定する記載を確認できない。機能の不存在・独自性を意味しない。,TRIPS等のbounded blockが先行。64 nodes/128 edgesという定数自体は研究貢献ではない。
C18,admitするgraphの大きさを制限する,限定実装,既知,raveil/static_region.py:validate_static_stencil_descriptor; RFC-0005 §Candidate boundary,Plasticine,P,P1,https://csl.stanford.edu/~christos/publications/2017.plasticine.isca.pdf,"§3.1 PCU / §3.2 PMU, PDF pp.4–5",有限PCU/PMUへmapping。graph上限によるadmission規則は未確認。,TRIPS等のbounded blockが先行。64 nodes/128 edgesという定数自体は研究貢献ではない。
C18,admitするgraphの大きさを制限する,限定実装,既知,raveil/static_region.py:validate_static_stencil_descriptor; RFC-0005 §Candidate boundary,TRIPS,E,R1,https://www.cs.utexas.edu/~mckinley/papers/trips-eval-asplos-2009.pdf,"§2 TRIPS System Overview, PDF pp.2–3: EDGE ISA and block outputs",128命令等のbounded block制約。,TRIPS等のbounded blockが先行。64 nodes/128 edgesという定数自体は研究貢献ではない。
C18,admitするgraphの大きさを制限する,限定実装,既知,raveil/static_region.py:validate_static_stencil_descriptor; RFC-0005 §Candidate boundary,EDGE,P,E1,https://www.cs.utexas.edu/~cart/trips/publications/computer04.pdf,"TRIPS architecture discussion, printed p.47 / PDF p.4",bounded blockはTRIPS instantiationの例。EDGE全体の定数ではない。,TRIPS等のbounded blockが先行。64 nodes/128 edgesという定数自体は研究貢献ではない。
C18,admitするgraphの大きさを制限する,限定実装,既知,raveil/static_region.py:validate_static_stencil_descriptor; RFC-0005 §Candidate boundary,CGRA,P,A1,https://cecs.uci.edu/~papers/date08/PAPERS/2004/DATE04/PDFFILES/09G_2.PDF,"§2 ADRES Architecture Overview, PDF pp.1–2",有限FU/context資源。Raveilの独立graph-size検証とは異なる。,TRIPS等のbounded blockが先行。64 nodes/128 edgesという定数自体は研究貢献ではない。
C18,admitするgraphの大きさを制限する,限定実装,既知,raveil/static_region.py:validate_static_stencil_descriptor; RFC-0005 §Candidate boundary,dataflow machine,U,D1; D2,https://cartheur.com/Files/manchester-data-flow.pdf; https://homes.cs.washington.edu/~oskin/wavescalar.pdf,"CACM 28(1), January 1985, pp.34–52: printed pp.34–39 / PDF pp.1–6: graphs, firing rules, static versus dynamic dataflow; printed p.39 / PDF p.6: matching unit, tags, token queue, instruction store; MICRO-36 2003, 12-page author PDF: §1 Introduction, PDF pp.1–2: resident instructions in WaveCache; §3, wave-ordered memory; §4 WaveCache architecture",確認したdataflow machine資料では「admitするgraphの大きさを制限する」を判定する記載を確認できない。機能の不存在・独自性を意味しない。,TRIPS等のbounded blockが先行。64 nodes/128 edgesという定数自体は研究貢献ではない。
C19,学習器の提案に実行承認権限を与えない,host/方針で実装,部分重複,raveil/graph_mvp.py:GraphExecutor; docs/decisions/ADR-0002-experience-advises-measurement-governs.md,Groq,U,G1,https://www.researchgate.net/publication/342914141_Think_Fast_A_Tensor_Streaming_Processor_TSP_for_Accelerating_Deep_Learning_Workloads,"ISCA 2020; DOI 10.1109/ISCA45697.2020.00023; author upload 2022-01-24: §I.A–B, printed pp.146–147: functional slicing / parallel lanes and streams; §II Architecture Overview, printed p.147; §II.C staggered instruction execution; §II, printed p.147 and §II.B memory bandwidth; §III.A instruction fetching",確認したGroq資料では「学習器の提案に実行承認権限を与えない」を判定する記載を確認できない。機能の不存在・独自性を意味しない。,X1/X2は提案と検査/実測を分ける部分先行。全capability境界の一致は未確認。LLM未導入。
C19,学習器の提案に実行承認権限を与えない,host/方針で実装,部分重複,raveil/graph_mvp.py:GraphExecutor; docs/decisions/ADR-0002-experience-advises-measurement-governs.md,SambaNova,U,S1,https://hc33.hotchips.org/assets/program/conference/day2/SambaNova%20HotChips%202021%20Aug%2023%20v1.pdf,"Hot Chips 33, 2021-08-24: slides 5–6: SambaFlow / spatial compilation; slides 11–16: tile, PCU, PMU, address generation, switch; slides 4, 11: host and RDU connectivity",確認したSambaNova資料では「学習器の提案に実行承認権限を与えない」を判定する記載を確認できない。機能の不存在・独自性を意味しない。,X1/X2は提案と検査/実測を分ける部分先行。全capability境界の一致は未確認。LLM未導入。
C19,学習器の提案に実行承認権限を与えない,host/方針で実装,部分重複,raveil/graph_mvp.py:GraphExecutor; docs/decisions/ADR-0002-experience-advises-measurement-governs.md,Graphcore,U,I1; I2,https://docs.graphcore.ai/projects/ipu-programmers-guide/en/3.3.0/about_ipu.html; https://docs.graphcore.ai/projects/ipu-programmers-guide/en/3.3.0/programming_model.html,"SDK guide 3.3.0: §2.1 Memory architecture; §2.2 Execution; §2.3 Tile architecture; SDK guide 3.3.0: §3.2.1 Data variables; §3.2.2 Copying data and executing compute sets; §3.2.4 Compute sets; §3.2.3 Control flow: sequences, conditionals and loops; §3.5.1 Variable liveness",確認したGraphcore資料では「学習器の提案に実行承認権限を与えない」を判定する記載を確認できない。機能の不存在・独自性を意味しない。,X1/X2は提案と検査/実測を分ける部分先行。全capability境界の一致は未確認。LLM未導入。
C19,学習器の提案に実行承認権限を与えない,host/方針で実装,部分重複,raveil/graph_mvp.py:GraphExecutor; docs/decisions/ADR-0002-experience-advises-measurement-governs.md,Cerebras,U,C1,https://cerebras-sdk-docs-140.netlify.app/computing-with-cerebras,Cerebras SDK documentation 1.4.0: A processing element (PE); The programming model; Programs and Tasks; Task IDs and Types of Tasks; Communication; Communication and examples of @bind_data_task,確認したCerebras資料では「学習器の提案に実行承認権限を与えない」を判定する記載を確認できない。機能の不存在・独自性を意味しない。,X1/X2は提案と検査/実測を分ける部分先行。全capability境界の一致は未確認。LLM未導入。
C19,学習器の提案に実行承認権限を与えない,host/方針で実装,部分重複,raveil/graph_mvp.py:GraphExecutor; docs/decisions/ADR-0002-experience-advises-measurement-governs.md,Tenstorrent,U,T1,https://docs.tenstorrent.com/tt-metal/v0.59.0/tt-metalium/tt_metal/examples/eltwise_binary.html,TT-Metalium v0.59.0: Circular buffers; Data movement and compute kernels; Host code / CreateKernel / EnqueueWriteBuffer; reader and compute kernel listings,確認したTenstorrent資料では「学習器の提案に実行承認権限を与えない」を判定する記載を確認できない。機能の不存在・独自性を意味しない。,X1/X2は提案と検査/実測を分ける部分先行。全capability境界の一致は未確認。LLM未導入。
C19,学習器の提案に実行承認権限を与えない,host/方針で実装,部分重複,raveil/graph_mvp.py:GraphExecutor; docs/decisions/ADR-0002-experience-advises-measurement-governs.md,Plasticine,U,P1,https://csl.stanford.edu/~christos/publications/2017.plasticine.isca.pdf,"ISCA 2017; DOI 10.1145/3079856.3080256: §2 Parallel Patterns, PDF pp.2–3; §3.1 PCU / §3.2 PMU, PDF pp.4–5; §3.3 Interconnect / §3.4 Off-chip Memory Access, PDF p.6; §3.5 Control Flow, PDF pp.6–7",確認したPlasticine資料では「学習器の提案に実行承認権限を与えない」を判定する記載を確認できない。機能の不存在・独自性を意味しない。,X1/X2は提案と検査/実測を分ける部分先行。全capability境界の一致は未確認。LLM未導入。
C19,学習器の提案に実行承認権限を与えない,host/方針で実装,部分重複,raveil/graph_mvp.py:GraphExecutor; docs/decisions/ADR-0002-experience-advises-measurement-governs.md,TRIPS,U,R1,https://www.cs.utexas.edu/~mckinley/papers/trips-eval-asplos-2009.pdf,"ASPLOS 2009, author PDF: §2 TRIPS System Overview, PDF pp.2–3: EDGE ISA and block outputs; §2, PDF p.3: TRIPS Microarchitecture; §2, PDF pp.3–4: TRIPS Compiler",確認したTRIPS資料では「学習器の提案に実行承認権限を与えない」を判定する記載を確認できない。機能の不存在・独自性を意味しない。,X1/X2は提案と検査/実測を分ける部分先行。全capability境界の一致は未確認。LLM未導入。
C19,学習器の提案に実行承認権限を与えない,host/方針で実装,部分重複,raveil/graph_mvp.py:GraphExecutor; docs/decisions/ADR-0002-experience-advises-measurement-governs.md,EDGE,U,E1,https://www.cs.utexas.edu/~cart/trips/publications/computer04.pdf,"IEEE Computer, July 2004, pp.44–55: Architecture Comparisons, printed p.45 / PDF p.2; EDGE ISA discussion, printed p.46 / PDF p.3; TRIPS architecture discussion, printed p.47 / PDF p.4",確認したEDGE資料では「学習器の提案に実行承認権限を与えない」を判定する記載を確認できない。機能の不存在・独自性を意味しない。,X1/X2は提案と検査/実測を分ける部分先行。全capability境界の一致は未確認。LLM未導入。
C19,学習器の提案に実行承認権限を与えない,host/方針で実装,部分重複,raveil/graph_mvp.py:GraphExecutor; docs/decisions/ADR-0002-experience-advises-measurement-governs.md,CGRA,U,A1,https://cecs.uci.edu/~papers/date08/PAPERS/2004/DATE04/PDFFILES/09G_2.PDF,"DATE 2004, 6-page conference paper: §2 ADRES Architecture Overview, PDF pp.1–2; §3 C-Based Design Flow, PDF pp.2–3",確認したCGRA資料では「学習器の提案に実行承認権限を与えない」を判定する記載を確認できない。機能の不存在・独自性を意味しない。,X1/X2は提案と検査/実測を分ける部分先行。全capability境界の一致は未確認。LLM未導入。
C19,学習器の提案に実行承認権限を与えない,host/方針で実装,部分重複,raveil/graph_mvp.py:GraphExecutor; docs/decisions/ADR-0002-experience-advises-measurement-governs.md,dataflow machine,U,D1; D2,https://cartheur.com/Files/manchester-data-flow.pdf; https://homes.cs.washington.edu/~oskin/wavescalar.pdf,"CACM 28(1), January 1985, pp.34–52: printed pp.34–39 / PDF pp.1–6: graphs, firing rules, static versus dynamic dataflow; printed p.39 / PDF p.6: matching unit, tags, token queue, instruction store; MICRO-36 2003, 12-page author PDF: §1 Introduction, PDF pp.1–2: resident instructions in WaveCache; §3, wave-ordered memory; §4 WaveCache architecture",確認したdataflow machine資料では「学習器の提案に実行承認権限を与えない」を判定する記載を確認できない。機能の不存在・独自性を意味しない。,X1/X2は提案と検査/実測を分ける部分先行。全capability境界の一致は未確認。LLM未導入。
C20,trusted baselineの実測後にcandidateを選択する,host/measurement実装,部分重複,raveil/policy.py:Tuner.tune; raveil/graph_mvp.py:GraphExecutor.execute,Groq,U,G1,https://www.researchgate.net/publication/342914141_Think_Fast_A_Tensor_Streaming_Processor_TSP_for_Accelerating_Deep_Learning_Workloads,"ISCA 2020; DOI 10.1109/ISCA45697.2020.00023; author upload 2022-01-24: §I.A–B, printed pp.146–147: functional slicing / parallel lanes and streams; §II Architecture Overview, printed p.147; §II.C staggered instruction execution; §II, printed p.147 and §II.B memory bandwidth; §III.A instruction fetching",確認したGroq資料では「trusted baselineの実測後にcandidateを選択する」を判定する記載を確認できない。機能の不存在・独自性を意味しない。,X2の実測選択と類似。各trialでbaseline-firstを強制する細則の利点はablationで示す必要。
C20,trusted baselineの実測後にcandidateを選択する,host/measurement実装,部分重複,raveil/policy.py:Tuner.tune; raveil/graph_mvp.py:GraphExecutor.execute,SambaNova,U,S1,https://hc33.hotchips.org/assets/program/conference/day2/SambaNova%20HotChips%202021%20Aug%2023%20v1.pdf,"Hot Chips 33, 2021-08-24: slides 5–6: SambaFlow / spatial compilation; slides 11–16: tile, PCU, PMU, address generation, switch; slides 4, 11: host and RDU connectivity",確認したSambaNova資料では「trusted baselineの実測後にcandidateを選択する」を判定する記載を確認できない。機能の不存在・独自性を意味しない。,X2の実測選択と類似。各trialでbaseline-firstを強制する細則の利点はablationで示す必要。
C20,trusted baselineの実測後にcandidateを選択する,host/measurement実装,部分重複,raveil/policy.py:Tuner.tune; raveil/graph_mvp.py:GraphExecutor.execute,Graphcore,U,I1; I2,https://docs.graphcore.ai/projects/ipu-programmers-guide/en/3.3.0/about_ipu.html; https://docs.graphcore.ai/projects/ipu-programmers-guide/en/3.3.0/programming_model.html,"SDK guide 3.3.0: §2.1 Memory architecture; §2.2 Execution; §2.3 Tile architecture; SDK guide 3.3.0: §3.2.1 Data variables; §3.2.2 Copying data and executing compute sets; §3.2.4 Compute sets; §3.2.3 Control flow: sequences, conditionals and loops; §3.5.1 Variable liveness",確認したGraphcore資料では「trusted baselineの実測後にcandidateを選択する」を判定する記載を確認できない。機能の不存在・独自性を意味しない。,X2の実測選択と類似。各trialでbaseline-firstを強制する細則の利点はablationで示す必要。
C20,trusted baselineの実測後にcandidateを選択する,host/measurement実装,部分重複,raveil/policy.py:Tuner.tune; raveil/graph_mvp.py:GraphExecutor.execute,Cerebras,U,C1,https://cerebras-sdk-docs-140.netlify.app/computing-with-cerebras,Cerebras SDK documentation 1.4.0: A processing element (PE); The programming model; Programs and Tasks; Task IDs and Types of Tasks; Communication; Communication and examples of @bind_data_task,確認したCerebras資料では「trusted baselineの実測後にcandidateを選択する」を判定する記載を確認できない。機能の不存在・独自性を意味しない。,X2の実測選択と類似。各trialでbaseline-firstを強制する細則の利点はablationで示す必要。
C20,trusted baselineの実測後にcandidateを選択する,host/measurement実装,部分重複,raveil/policy.py:Tuner.tune; raveil/graph_mvp.py:GraphExecutor.execute,Tenstorrent,U,T1,https://docs.tenstorrent.com/tt-metal/v0.59.0/tt-metalium/tt_metal/examples/eltwise_binary.html,TT-Metalium v0.59.0: Circular buffers; Data movement and compute kernels; Host code / CreateKernel / EnqueueWriteBuffer; reader and compute kernel listings,確認したTenstorrent資料では「trusted baselineの実測後にcandidateを選択する」を判定する記載を確認できない。機能の不存在・独自性を意味しない。,X2の実測選択と類似。各trialでbaseline-firstを強制する細則の利点はablationで示す必要。
C20,trusted baselineの実測後にcandidateを選択する,host/measurement実装,部分重複,raveil/policy.py:Tuner.tune; raveil/graph_mvp.py:GraphExecutor.execute,Plasticine,U,P1,https://csl.stanford.edu/~christos/publications/2017.plasticine.isca.pdf,"ISCA 2017; DOI 10.1145/3079856.3080256: §2 Parallel Patterns, PDF pp.2–3; §3.1 PCU / §3.2 PMU, PDF pp.4–5; §3.3 Interconnect / §3.4 Off-chip Memory Access, PDF p.6; §3.5 Control Flow, PDF pp.6–7",確認したPlasticine資料では「trusted baselineの実測後にcandidateを選択する」を判定する記載を確認できない。機能の不存在・独自性を意味しない。,X2の実測選択と類似。各trialでbaseline-firstを強制する細則の利点はablationで示す必要。
C20,trusted baselineの実測後にcandidateを選択する,host/measurement実装,部分重複,raveil/policy.py:Tuner.tune; raveil/graph_mvp.py:GraphExecutor.execute,TRIPS,U,R1,https://www.cs.utexas.edu/~mckinley/papers/trips-eval-asplos-2009.pdf,"ASPLOS 2009, author PDF: §2 TRIPS System Overview, PDF pp.2–3: EDGE ISA and block outputs; §2, PDF p.3: TRIPS Microarchitecture; §2, PDF pp.3–4: TRIPS Compiler",確認したTRIPS資料では「trusted baselineの実測後にcandidateを選択する」を判定する記載を確認できない。機能の不存在・独自性を意味しない。,X2の実測選択と類似。各trialでbaseline-firstを強制する細則の利点はablationで示す必要。
C20,trusted baselineの実測後にcandidateを選択する,host/measurement実装,部分重複,raveil/policy.py:Tuner.tune; raveil/graph_mvp.py:GraphExecutor.execute,EDGE,U,E1,https://www.cs.utexas.edu/~cart/trips/publications/computer04.pdf,"IEEE Computer, July 2004, pp.44–55: Architecture Comparisons, printed p.45 / PDF p.2; EDGE ISA discussion, printed p.46 / PDF p.3; TRIPS architecture discussion, printed p.47 / PDF p.4",確認したEDGE資料では「trusted baselineの実測後にcandidateを選択する」を判定する記載を確認できない。機能の不存在・独自性を意味しない。,X2の実測選択と類似。各trialでbaseline-firstを強制する細則の利点はablationで示す必要。
C20,trusted baselineの実測後にcandidateを選択する,host/measurement実装,部分重複,raveil/policy.py:Tuner.tune; raveil/graph_mvp.py:GraphExecutor.execute,CGRA,U,A1,https://cecs.uci.edu/~papers/date08/PAPERS/2004/DATE04/PDFFILES/09G_2.PDF,"DATE 2004, 6-page conference paper: §2 ADRES Architecture Overview, PDF pp.1–2; §3 C-Based Design Flow, PDF pp.2–3",確認したCGRA資料では「trusted baselineの実測後にcandidateを選択する」を判定する記載を確認できない。機能の不存在・独自性を意味しない。,X2の実測選択と類似。各trialでbaseline-firstを強制する細則の利点はablationで示す必要。
C20,trusted baselineの実測後にcandidateを選択する,host/measurement実装,部分重複,raveil/policy.py:Tuner.tune; raveil/graph_mvp.py:GraphExecutor.execute,dataflow machine,U,D1; D2,https://cartheur.com/Files/manchester-data-flow.pdf; https://homes.cs.washington.edu/~oskin/wavescalar.pdf,"CACM 28(1), January 1985, pp.34–52: printed pp.34–39 / PDF pp.1–6: graphs, firing rules, static versus dynamic dataflow; printed p.39 / PDF p.6: matching unit, tags, token queue, instruction store; MICRO-36 2003, 12-page author PDF: §1 Introduction, PDF pp.1–2: resident instructions in WaveCache; §3, wave-ordered memory; §4 WaveCache architecture",確認したdataflow machine資料では「trusted baselineの実測後にcandidateを選択する」を判定する記載を確認できない。機能の不存在・独自性を意味しない。,X2の実測選択と類似。各trialでbaseline-firstを強制する細則の利点はablationで示す必要。
C21,最適化の生の観測履歴をappend-onlyに保存する,Python実装,未確立,raveil/experience.py:ExperienceStore.append; tests/test_minimum.py,Groq,U,G1,https://www.researchgate.net/publication/342914141_Think_Fast_A_Tensor_Streaming_Processor_TSP_for_Accelerating_Deep_Learning_Workloads,"ISCA 2020; DOI 10.1109/ISCA45697.2020.00023; author upload 2022-01-24: §I.A–B, printed pp.146–147: functional slicing / parallel lanes and streams; §II Architecture Overview, printed p.147; §II.C staggered instruction execution; §II, printed p.147 and §II.B memory bandwidth; §III.A instruction fetching",確認したGroq資料では「最適化の生の観測履歴をappend-onlyに保存する」を判定する記載を確認できない。機能の不存在・独自性を意味しない。,10系統のhardware資料には記載未確認。ログ/実験DBの既知性と本schemaの差分を別調査する。
C21,最適化の生の観測履歴をappend-onlyに保存する,Python実装,未確立,raveil/experience.py:ExperienceStore.append; tests/test_minimum.py,SambaNova,U,S1,https://hc33.hotchips.org/assets/program/conference/day2/SambaNova%20HotChips%202021%20Aug%2023%20v1.pdf,"Hot Chips 33, 2021-08-24: slides 5–6: SambaFlow / spatial compilation; slides 11–16: tile, PCU, PMU, address generation, switch; slides 4, 11: host and RDU connectivity",確認したSambaNova資料では「最適化の生の観測履歴をappend-onlyに保存する」を判定する記載を確認できない。機能の不存在・独自性を意味しない。,10系統のhardware資料には記載未確認。ログ/実験DBの既知性と本schemaの差分を別調査する。
C21,最適化の生の観測履歴をappend-onlyに保存する,Python実装,未確立,raveil/experience.py:ExperienceStore.append; tests/test_minimum.py,Graphcore,U,I1; I2,https://docs.graphcore.ai/projects/ipu-programmers-guide/en/3.3.0/about_ipu.html; https://docs.graphcore.ai/projects/ipu-programmers-guide/en/3.3.0/programming_model.html,"SDK guide 3.3.0: §2.1 Memory architecture; §2.2 Execution; §2.3 Tile architecture; SDK guide 3.3.0: §3.2.1 Data variables; §3.2.2 Copying data and executing compute sets; §3.2.4 Compute sets; §3.2.3 Control flow: sequences, conditionals and loops; §3.5.1 Variable liveness",確認したGraphcore資料では「最適化の生の観測履歴をappend-onlyに保存する」を判定する記載を確認できない。機能の不存在・独自性を意味しない。,10系統のhardware資料には記載未確認。ログ/実験DBの既知性と本schemaの差分を別調査する。
C21,最適化の生の観測履歴をappend-onlyに保存する,Python実装,未確立,raveil/experience.py:ExperienceStore.append; tests/test_minimum.py,Cerebras,U,C1,https://cerebras-sdk-docs-140.netlify.app/computing-with-cerebras,Cerebras SDK documentation 1.4.0: A processing element (PE); The programming model; Programs and Tasks; Task IDs and Types of Tasks; Communication; Communication and examples of @bind_data_task,確認したCerebras資料では「最適化の生の観測履歴をappend-onlyに保存する」を判定する記載を確認できない。機能の不存在・独自性を意味しない。,10系統のhardware資料には記載未確認。ログ/実験DBの既知性と本schemaの差分を別調査する。
C21,最適化の生の観測履歴をappend-onlyに保存する,Python実装,未確立,raveil/experience.py:ExperienceStore.append; tests/test_minimum.py,Tenstorrent,U,T1,https://docs.tenstorrent.com/tt-metal/v0.59.0/tt-metalium/tt_metal/examples/eltwise_binary.html,TT-Metalium v0.59.0: Circular buffers; Data movement and compute kernels; Host code / CreateKernel / EnqueueWriteBuffer; reader and compute kernel listings,確認したTenstorrent資料では「最適化の生の観測履歴をappend-onlyに保存する」を判定する記載を確認できない。機能の不存在・独自性を意味しない。,10系統のhardware資料には記載未確認。ログ/実験DBの既知性と本schemaの差分を別調査する。
C21,最適化の生の観測履歴をappend-onlyに保存する,Python実装,未確立,raveil/experience.py:ExperienceStore.append; tests/test_minimum.py,Plasticine,U,P1,https://csl.stanford.edu/~christos/publications/2017.plasticine.isca.pdf,"ISCA 2017; DOI 10.1145/3079856.3080256: §2 Parallel Patterns, PDF pp.2–3; §3.1 PCU / §3.2 PMU, PDF pp.4–5; §3.3 Interconnect / §3.4 Off-chip Memory Access, PDF p.6; §3.5 Control Flow, PDF pp.6–7",確認したPlasticine資料では「最適化の生の観測履歴をappend-onlyに保存する」を判定する記載を確認できない。機能の不存在・独自性を意味しない。,10系統のhardware資料には記載未確認。ログ/実験DBの既知性と本schemaの差分を別調査する。
C21,最適化の生の観測履歴をappend-onlyに保存する,Python実装,未確立,raveil/experience.py:ExperienceStore.append; tests/test_minimum.py,TRIPS,U,R1,https://www.cs.utexas.edu/~mckinley/papers/trips-eval-asplos-2009.pdf,"ASPLOS 2009, author PDF: §2 TRIPS System Overview, PDF pp.2–3: EDGE ISA and block outputs; §2, PDF p.3: TRIPS Microarchitecture; §2, PDF pp.3–4: TRIPS Compiler",確認したTRIPS資料では「最適化の生の観測履歴をappend-onlyに保存する」を判定する記載を確認できない。機能の不存在・独自性を意味しない。,10系統のhardware資料には記載未確認。ログ/実験DBの既知性と本schemaの差分を別調査する。
C21,最適化の生の観測履歴をappend-onlyに保存する,Python実装,未確立,raveil/experience.py:ExperienceStore.append; tests/test_minimum.py,EDGE,U,E1,https://www.cs.utexas.edu/~cart/trips/publications/computer04.pdf,"IEEE Computer, July 2004, pp.44–55: Architecture Comparisons, printed p.45 / PDF p.2; EDGE ISA discussion, printed p.46 / PDF p.3; TRIPS architecture discussion, printed p.47 / PDF p.4",確認したEDGE資料では「最適化の生の観測履歴をappend-onlyに保存する」を判定する記載を確認できない。機能の不存在・独自性を意味しない。,10系統のhardware資料には記載未確認。ログ/実験DBの既知性と本schemaの差分を別調査する。
C21,最適化の生の観測履歴をappend-onlyに保存する,Python実装,未確立,raveil/experience.py:ExperienceStore.append; tests/test_minimum.py,CGRA,U,A1,https://cecs.uci.edu/~papers/date08/PAPERS/2004/DATE04/PDFFILES/09G_2.PDF,"DATE 2004, 6-page conference paper: §2 ADRES Architecture Overview, PDF pp.1–2; §3 C-Based Design Flow, PDF pp.2–3",確認したCGRA資料では「最適化の生の観測履歴をappend-onlyに保存する」を判定する記載を確認できない。機能の不存在・独自性を意味しない。,10系統のhardware資料には記載未確認。ログ/実験DBの既知性と本schemaの差分を別調査する。
C21,最適化の生の観測履歴をappend-onlyに保存する,Python実装,未確立,raveil/experience.py:ExperienceStore.append; tests/test_minimum.py,dataflow machine,U,D1; D2,https://cartheur.com/Files/manchester-data-flow.pdf; https://homes.cs.washington.edu/~oskin/wavescalar.pdf,"CACM 28(1), January 1985, pp.34–52: printed pp.34–39 / PDF pp.1–6: graphs, firing rules, static versus dynamic dataflow; printed p.39 / PDF p.6: matching unit, tags, token queue, instruction store; MICRO-36 2003, 12-page author PDF: §1 Introduction, PDF pp.1–2: resident instructions in WaveCache; §3, wave-ordered memory; §4 WaveCache architecture",確認したdataflow machine資料では「最適化の生の観測履歴をappend-onlyに保存する」を判定する記載を確認できない。機能の不存在・独自性を意味しない。,10系統のhardware資料には記載未確認。ログ/実験DBの既知性と本schemaの差分を別調査する。
C22,onlineで使うExperience集合の大きさを制限する,Python実装,未確立,raveil/experience.py:ExperienceStore._consolidate; tests/test_minimum.py,Groq,U,G1,https://www.researchgate.net/publication/342914141_Think_Fast_A_Tensor_Streaming_Processor_TSP_for_Accelerating_Deep_Learning_Workloads,"ISCA 2020; DOI 10.1109/ISCA45697.2020.00023; author upload 2022-01-24: §I.A–B, printed pp.146–147: functional slicing / parallel lanes and streams; §II Architecture Overview, printed p.147; §II.C staggered instruction execution; §II, printed p.147 and §II.B memory bandwidth; §III.A instruction fetching",確認したGroq資料では「onlineで使うExperience集合の大きさを制限する」を判定する記載を確認できない。機能の不存在・独自性を意味しない。,記録上の上限は確認。coreset/continual learning/replay buffer先行例との厳密比較は残る。
C22,onlineで使うExperience集合の大きさを制限する,Python実装,未確立,raveil/experience.py:ExperienceStore._consolidate; tests/test_minimum.py,SambaNova,U,S1,https://hc33.hotchips.org/assets/program/conference/day2/SambaNova%20HotChips%202021%20Aug%2023%20v1.pdf,"Hot Chips 33, 2021-08-24: slides 5–6: SambaFlow / spatial compilation; slides 11–16: tile, PCU, PMU, address generation, switch; slides 4, 11: host and RDU connectivity",確認したSambaNova資料では「onlineで使うExperience集合の大きさを制限する」を判定する記載を確認できない。機能の不存在・独自性を意味しない。,記録上の上限は確認。coreset/continual learning/replay buffer先行例との厳密比較は残る。
C22,onlineで使うExperience集合の大きさを制限する,Python実装,未確立,raveil/experience.py:ExperienceStore._consolidate; tests/test_minimum.py,Graphcore,U,I1; I2,https://docs.graphcore.ai/projects/ipu-programmers-guide/en/3.3.0/about_ipu.html; https://docs.graphcore.ai/projects/ipu-programmers-guide/en/3.3.0/programming_model.html,"SDK guide 3.3.0: §2.1 Memory architecture; §2.2 Execution; §2.3 Tile architecture; SDK guide 3.3.0: §3.2.1 Data variables; §3.2.2 Copying data and executing compute sets; §3.2.4 Compute sets; §3.2.3 Control flow: sequences, conditionals and loops; §3.5.1 Variable liveness",確認したGraphcore資料では「onlineで使うExperience集合の大きさを制限する」を判定する記載を確認できない。機能の不存在・独自性を意味しない。,記録上の上限は確認。coreset/continual learning/replay buffer先行例との厳密比較は残る。
C22,onlineで使うExperience集合の大きさを制限する,Python実装,未確立,raveil/experience.py:ExperienceStore._consolidate; tests/test_minimum.py,Cerebras,U,C1,https://cerebras-sdk-docs-140.netlify.app/computing-with-cerebras,Cerebras SDK documentation 1.4.0: A processing element (PE); The programming model; Programs and Tasks; Task IDs and Types of Tasks; Communication; Communication and examples of @bind_data_task,確認したCerebras資料では「onlineで使うExperience集合の大きさを制限する」を判定する記載を確認できない。機能の不存在・独自性を意味しない。,記録上の上限は確認。coreset/continual learning/replay buffer先行例との厳密比較は残る。
C22,onlineで使うExperience集合の大きさを制限する,Python実装,未確立,raveil/experience.py:ExperienceStore._consolidate; tests/test_minimum.py,Tenstorrent,U,T1,https://docs.tenstorrent.com/tt-metal/v0.59.0/tt-metalium/tt_metal/examples/eltwise_binary.html,TT-Metalium v0.59.0: Circular buffers; Data movement and compute kernels; Host code / CreateKernel / EnqueueWriteBuffer; reader and compute kernel listings,確認したTenstorrent資料では「onlineで使うExperience集合の大きさを制限する」を判定する記載を確認できない。機能の不存在・独自性を意味しない。,記録上の上限は確認。coreset/continual learning/replay buffer先行例との厳密比較は残る。
C22,onlineで使うExperience集合の大きさを制限する,Python実装,未確立,raveil/experience.py:ExperienceStore._consolidate; tests/test_minimum.py,Plasticine,U,P1,https://csl.stanford.edu/~christos/publications/2017.plasticine.isca.pdf,"ISCA 2017; DOI 10.1145/3079856.3080256: §2 Parallel Patterns, PDF pp.2–3; §3.1 PCU / §3.2 PMU, PDF pp.4–5; §3.3 Interconnect / §3.4 Off-chip Memory Access, PDF p.6; §3.5 Control Flow, PDF pp.6–7",確認したPlasticine資料では「onlineで使うExperience集合の大きさを制限する」を判定する記載を確認できない。機能の不存在・独自性を意味しない。,記録上の上限は確認。coreset/continual learning/replay buffer先行例との厳密比較は残る。
C22,onlineで使うExperience集合の大きさを制限する,Python実装,未確立,raveil/experience.py:ExperienceStore._consolidate; tests/test_minimum.py,TRIPS,U,R1,https://www.cs.utexas.edu/~mckinley/papers/trips-eval-asplos-2009.pdf,"ASPLOS 2009, author PDF: §2 TRIPS System Overview, PDF pp.2–3: EDGE ISA and block outputs; §2, PDF p.3: TRIPS Microarchitecture; §2, PDF pp.3–4: TRIPS Compiler",確認したTRIPS資料では「onlineで使うExperience集合の大きさを制限する」を判定する記載を確認できない。機能の不存在・独自性を意味しない。,記録上の上限は確認。coreset/continual learning/replay buffer先行例との厳密比較は残る。
C22,onlineで使うExperience集合の大きさを制限する,Python実装,未確立,raveil/experience.py:ExperienceStore._consolidate; tests/test_minimum.py,EDGE,U,E1,https://www.cs.utexas.edu/~cart/trips/publications/computer04.pdf,"IEEE Computer, July 2004, pp.44–55: Architecture Comparisons, printed p.45 / PDF p.2; EDGE ISA discussion, printed p.46 / PDF p.3; TRIPS architecture discussion, printed p.47 / PDF p.4",確認したEDGE資料では「onlineで使うExperience集合の大きさを制限する」を判定する記載を確認できない。機能の不存在・独自性を意味しない。,記録上の上限は確認。coreset/continual learning/replay buffer先行例との厳密比較は残る。
C22,onlineで使うExperience集合の大きさを制限する,Python実装,未確立,raveil/experience.py:ExperienceStore._consolidate; tests/test_minimum.py,CGRA,U,A1,https://cecs.uci.edu/~papers/date08/PAPERS/2004/DATE04/PDFFILES/09G_2.PDF,"DATE 2004, 6-page conference paper: §2 ADRES Architecture Overview, PDF pp.1–2; §3 C-Based Design Flow, PDF pp.2–3",確認したCGRA資料では「onlineで使うExperience集合の大きさを制限する」を判定する記載を確認できない。機能の不存在・独自性を意味しない。,記録上の上限は確認。coreset/continual learning/replay buffer先行例との厳密比較は残る。
C22,onlineで使うExperience集合の大きさを制限する,Python実装,未確立,raveil/experience.py:ExperienceStore._consolidate; tests/test_minimum.py,dataflow machine,U,D1; D2,https://cartheur.com/Files/manchester-data-flow.pdf; https://homes.cs.washington.edu/~oskin/wavescalar.pdf,"CACM 28(1), January 1985, pp.34–52: printed pp.34–39 / PDF pp.1–6: graphs, firing rules, static versus dynamic dataflow; printed p.39 / PDF p.6: matching unit, tags, token queue, instruction store; MICRO-36 2003, 12-page author PDF: §1 Introduction, PDF pp.1–2: resident instructions in WaveCache; §3, wave-ordered memory; §4 WaveCache architecture",確認したdataflow machine資料では「onlineで使うExperience集合の大きさを制限する」を判定する記載を確認できない。機能の不存在・独自性を意味しない。,記録上の上限は確認。coreset/continual learning/replay buffer先行例との厳密比較は残る。
C23,似たworkload/contextの過去結果でcandidateを順位付けする,Python実装；実機便益未立証,部分重複,raveil/experience.py:ExperienceStore.nearest; raveil/policy.py:NearestExperiencePolicy.rank,Groq,U,G1,https://www.researchgate.net/publication/342914141_Think_Fast_A_Tensor_Streaming_Processor_TSP_for_Accelerating_Deep_Learning_Workloads,"ISCA 2020; DOI 10.1109/ISCA45697.2020.00023; author upload 2022-01-24: §I.A–B, printed pp.146–147: functional slicing / parallel lanes and streams; §II Architecture Overview, printed p.147; §II.C staggered instruction execution; §II, printed p.147 and §II.B memory bandwidth; §III.A instruction fetching",確認したGroq資料では「似たworkload/contextの過去結果でcandidateを順位付けする」を判定する記載を確認できない。機能の不存在・独自性を意味しない。,X3のkernel-class transferが先行。NN距離、shape、hardware差を含むtransfer利得は未立証。
C23,似たworkload/contextの過去結果でcandidateを順位付けする,Python実装；実機便益未立証,部分重複,raveil/experience.py:ExperienceStore.nearest; raveil/policy.py:NearestExperiencePolicy.rank,SambaNova,U,S1,https://hc33.hotchips.org/assets/program/conference/day2/SambaNova%20HotChips%202021%20Aug%2023%20v1.pdf,"Hot Chips 33, 2021-08-24: slides 5–6: SambaFlow / spatial compilation; slides 11–16: tile, PCU, PMU, address generation, switch; slides 4, 11: host and RDU connectivity",確認したSambaNova資料では「似たworkload/contextの過去結果でcandidateを順位付けする」を判定する記載を確認できない。機能の不存在・独自性を意味しない。,X3のkernel-class transferが先行。NN距離、shape、hardware差を含むtransfer利得は未立証。
C23,似たworkload/contextの過去結果でcandidateを順位付けする,Python実装；実機便益未立証,部分重複,raveil/experience.py:ExperienceStore.nearest; raveil/policy.py:NearestExperiencePolicy.rank,Graphcore,U,I1; I2,https://docs.graphcore.ai/projects/ipu-programmers-guide/en/3.3.0/about_ipu.html; https://docs.graphcore.ai/projects/ipu-programmers-guide/en/3.3.0/programming_model.html,"SDK guide 3.3.0: §2.1 Memory architecture; §2.2 Execution; §2.3 Tile architecture; SDK guide 3.3.0: §3.2.1 Data variables; §3.2.2 Copying data and executing compute sets; §3.2.4 Compute sets; §3.2.3 Control flow: sequences, conditionals and loops; §3.5.1 Variable liveness",確認したGraphcore資料では「似たworkload/contextの過去結果でcandidateを順位付けする」を判定する記載を確認できない。機能の不存在・独自性を意味しない。,X3のkernel-class transferが先行。NN距離、shape、hardware差を含むtransfer利得は未立証。
C23,似たworkload/contextの過去結果でcandidateを順位付けする,Python実装；実機便益未立証,部分重複,raveil/experience.py:ExperienceStore.nearest; raveil/policy.py:NearestExperiencePolicy.rank,Cerebras,U,C1,https://cerebras-sdk-docs-140.netlify.app/computing-with-cerebras,Cerebras SDK documentation 1.4.0: A processing element (PE); The programming model; Programs and Tasks; Task IDs and Types of Tasks; Communication; Communication and examples of @bind_data_task,確認したCerebras資料では「似たworkload/contextの過去結果でcandidateを順位付けする」を判定する記載を確認できない。機能の不存在・独自性を意味しない。,X3のkernel-class transferが先行。NN距離、shape、hardware差を含むtransfer利得は未立証。
C23,似たworkload/contextの過去結果でcandidateを順位付けする,Python実装；実機便益未立証,部分重複,raveil/experience.py:ExperienceStore.nearest; raveil/policy.py:NearestExperiencePolicy.rank,Tenstorrent,U,T1,https://docs.tenstorrent.com/tt-metal/v0.59.0/tt-metalium/tt_metal/examples/eltwise_binary.html,TT-Metalium v0.59.0: Circular buffers; Data movement and compute kernels; Host code / CreateKernel / EnqueueWriteBuffer; reader and compute kernel listings,確認したTenstorrent資料では「似たworkload/contextの過去結果でcandidateを順位付けする」を判定する記載を確認できない。機能の不存在・独自性を意味しない。,X3のkernel-class transferが先行。NN距離、shape、hardware差を含むtransfer利得は未立証。
C23,似たworkload/contextの過去結果でcandidateを順位付けする,Python実装；実機便益未立証,部分重複,raveil/experience.py:ExperienceStore.nearest; raveil/policy.py:NearestExperiencePolicy.rank,Plasticine,U,P1,https://csl.stanford.edu/~christos/publications/2017.plasticine.isca.pdf,"ISCA 2017; DOI 10.1145/3079856.3080256: §2 Parallel Patterns, PDF pp.2–3; §3.1 PCU / §3.2 PMU, PDF pp.4–5; §3.3 Interconnect / §3.4 Off-chip Memory Access, PDF p.6; §3.5 Control Flow, PDF pp.6–7",確認したPlasticine資料では「似たworkload/contextの過去結果でcandidateを順位付けする」を判定する記載を確認できない。機能の不存在・独自性を意味しない。,X3のkernel-class transferが先行。NN距離、shape、hardware差を含むtransfer利得は未立証。
C23,似たworkload/contextの過去結果でcandidateを順位付けする,Python実装；実機便益未立証,部分重複,raveil/experience.py:ExperienceStore.nearest; raveil/policy.py:NearestExperiencePolicy.rank,TRIPS,U,R1,https://www.cs.utexas.edu/~mckinley/papers/trips-eval-asplos-2009.pdf,"ASPLOS 2009, author PDF: §2 TRIPS System Overview, PDF pp.2–3: EDGE ISA and block outputs; §2, PDF p.3: TRIPS Microarchitecture; §2, PDF pp.3–4: TRIPS Compiler",確認したTRIPS資料では「似たworkload/contextの過去結果でcandidateを順位付けする」を判定する記載を確認できない。機能の不存在・独自性を意味しない。,X3のkernel-class transferが先行。NN距離、shape、hardware差を含むtransfer利得は未立証。
C23,似たworkload/contextの過去結果でcandidateを順位付けする,Python実装；実機便益未立証,部分重複,raveil/experience.py:ExperienceStore.nearest; raveil/policy.py:NearestExperiencePolicy.rank,EDGE,U,E1,https://www.cs.utexas.edu/~cart/trips/publications/computer04.pdf,"IEEE Computer, July 2004, pp.44–55: Architecture Comparisons, printed p.45 / PDF p.2; EDGE ISA discussion, printed p.46 / PDF p.3; TRIPS architecture discussion, printed p.47 / PDF p.4",確認したEDGE資料では「似たworkload/contextの過去結果でcandidateを順位付けする」を判定する記載を確認できない。機能の不存在・独自性を意味しない。,X3のkernel-class transferが先行。NN距離、shape、hardware差を含むtransfer利得は未立証。
C23,似たworkload/contextの過去結果でcandidateを順位付けする,Python実装；実機便益未立証,部分重複,raveil/experience.py:ExperienceStore.nearest; raveil/policy.py:NearestExperiencePolicy.rank,CGRA,U,A1,https://cecs.uci.edu/~papers/date08/PAPERS/2004/DATE04/PDFFILES/09G_2.PDF,"DATE 2004, 6-page conference paper: §2 ADRES Architecture Overview, PDF pp.1–2; §3 C-Based Design Flow, PDF pp.2–3",確認したCGRA資料では「似たworkload/contextの過去結果でcandidateを順位付けする」を判定する記載を確認できない。機能の不存在・独自性を意味しない。,X3のkernel-class transferが先行。NN距離、shape、hardware差を含むtransfer利得は未立証。
C23,似たworkload/contextの過去結果でcandidateを順位付けする,Python実装；実機便益未立証,部分重複,raveil/experience.py:ExperienceStore.nearest; raveil/policy.py:NearestExperiencePolicy.rank,dataflow machine,U,D1; D2,https://cartheur.com/Files/manchester-data-flow.pdf; https://homes.cs.washington.edu/~oskin/wavescalar.pdf,"CACM 28(1), January 1985, pp.34–52: printed pp.34–39 / PDF pp.1–6: graphs, firing rules, static versus dynamic dataflow; printed p.39 / PDF p.6: matching unit, tags, token queue, instruction store; MICRO-36 2003, 12-page author PDF: §1 Introduction, PDF pp.1–2: resident instructions in WaveCache; §3, wave-ordered memory; §4 WaveCache architecture",確認したdataflow machine資料では「似たworkload/contextの過去結果でcandidateを順位付けする」を判定する記載を確認できない。機能の不存在・独自性を意味しない。,X3のkernel-class transferが先行。NN距離、shape、hardware差を含むtransfer利得は未立証。
C24,過去の失敗を近傍candidateの評価へ反映する,Python実装,部分重複,raveil/policy.py:NearestExperiencePolicy.rank; tests/test_minimum.py:test_low_memory_experience_avoids_known_invalid_keep_candidate,Groq,U,G1,https://www.researchgate.net/publication/342914141_Think_Fast_A_Tensor_Streaming_Processor_TSP_for_Accelerating_Deep_Learning_Workloads,"ISCA 2020; DOI 10.1109/ISCA45697.2020.00023; author upload 2022-01-24: §I.A–B, printed pp.146–147: functional slicing / parallel lanes and streams; §II Architecture Overview, printed p.147; §II.C staggered instruction execution; §II, printed p.147 and §II.B memory bandwidth; §III.A instruction fetching",確認したGroq資料では「過去の失敗を近傍candidateの評価へ反映する」を判定する記載を確認できない。機能の不存在・独自性を意味しない。,X2はinvalid/timeoutを観測。Raveilの距離減衰penalty/尾部保持との一致は未確認、既知negative-transfer研究を追加比較。
C24,過去の失敗を近傍candidateの評価へ反映する,Python実装,部分重複,raveil/policy.py:NearestExperiencePolicy.rank; tests/test_minimum.py:test_low_memory_experience_avoids_known_invalid_keep_candidate,SambaNova,U,S1,https://hc33.hotchips.org/assets/program/conference/day2/SambaNova%20HotChips%202021%20Aug%2023%20v1.pdf,"Hot Chips 33, 2021-08-24: slides 5–6: SambaFlow / spatial compilation; slides 11–16: tile, PCU, PMU, address generation, switch; slides 4, 11: host and RDU connectivity",確認したSambaNova資料では「過去の失敗を近傍candidateの評価へ反映する」を判定する記載を確認できない。機能の不存在・独自性を意味しない。,X2はinvalid/timeoutを観測。Raveilの距離減衰penalty/尾部保持との一致は未確認、既知negative-transfer研究を追加比較。
C24,過去の失敗を近傍candidateの評価へ反映する,Python実装,部分重複,raveil/policy.py:NearestExperiencePolicy.rank; tests/test_minimum.py:test_low_memory_experience_avoids_known_invalid_keep_candidate,Graphcore,U,I1; I2,https://docs.graphcore.ai/projects/ipu-programmers-guide/en/3.3.0/about_ipu.html; https://docs.graphcore.ai/projects/ipu-programmers-guide/en/3.3.0/programming_model.html,"SDK guide 3.3.0: §2.1 Memory architecture; §2.2 Execution; §2.3 Tile architecture; SDK guide 3.3.0: §3.2.1 Data variables; §3.2.2 Copying data and executing compute sets; §3.2.4 Compute sets; §3.2.3 Control flow: sequences, conditionals and loops; §3.5.1 Variable liveness",確認したGraphcore資料では「過去の失敗を近傍candidateの評価へ反映する」を判定する記載を確認できない。機能の不存在・独自性を意味しない。,X2はinvalid/timeoutを観測。Raveilの距離減衰penalty/尾部保持との一致は未確認、既知negative-transfer研究を追加比較。
C24,過去の失敗を近傍candidateの評価へ反映する,Python実装,部分重複,raveil/policy.py:NearestExperiencePolicy.rank; tests/test_minimum.py:test_low_memory_experience_avoids_known_invalid_keep_candidate,Cerebras,U,C1,https://cerebras-sdk-docs-140.netlify.app/computing-with-cerebras,Cerebras SDK documentation 1.4.0: A processing element (PE); The programming model; Programs and Tasks; Task IDs and Types of Tasks; Communication; Communication and examples of @bind_data_task,確認したCerebras資料では「過去の失敗を近傍candidateの評価へ反映する」を判定する記載を確認できない。機能の不存在・独自性を意味しない。,X2はinvalid/timeoutを観測。Raveilの距離減衰penalty/尾部保持との一致は未確認、既知negative-transfer研究を追加比較。
C24,過去の失敗を近傍candidateの評価へ反映する,Python実装,部分重複,raveil/policy.py:NearestExperiencePolicy.rank; tests/test_minimum.py:test_low_memory_experience_avoids_known_invalid_keep_candidate,Tenstorrent,U,T1,https://docs.tenstorrent.com/tt-metal/v0.59.0/tt-metalium/tt_metal/examples/eltwise_binary.html,TT-Metalium v0.59.0: Circular buffers; Data movement and compute kernels; Host code / CreateKernel / EnqueueWriteBuffer; reader and compute kernel listings,確認したTenstorrent資料では「過去の失敗を近傍candidateの評価へ反映する」を判定する記載を確認できない。機能の不存在・独自性を意味しない。,X2はinvalid/timeoutを観測。Raveilの距離減衰penalty/尾部保持との一致は未確認、既知negative-transfer研究を追加比較。
C24,過去の失敗を近傍candidateの評価へ反映する,Python実装,部分重複,raveil/policy.py:NearestExperiencePolicy.rank; tests/test_minimum.py:test_low_memory_experience_avoids_known_invalid_keep_candidate,Plasticine,U,P1,https://csl.stanford.edu/~christos/publications/2017.plasticine.isca.pdf,"ISCA 2017; DOI 10.1145/3079856.3080256: §2 Parallel Patterns, PDF pp.2–3; §3.1 PCU / §3.2 PMU, PDF pp.4–5; §3.3 Interconnect / §3.4 Off-chip Memory Access, PDF p.6; §3.5 Control Flow, PDF pp.6–7",確認したPlasticine資料では「過去の失敗を近傍candidateの評価へ反映する」を判定する記載を確認できない。機能の不存在・独自性を意味しない。,X2はinvalid/timeoutを観測。Raveilの距離減衰penalty/尾部保持との一致は未確認、既知negative-transfer研究を追加比較。
C24,過去の失敗を近傍candidateの評価へ反映する,Python実装,部分重複,raveil/policy.py:NearestExperiencePolicy.rank; tests/test_minimum.py:test_low_memory_experience_avoids_known_invalid_keep_candidate,TRIPS,U,R1,https://www.cs.utexas.edu/~mckinley/papers/trips-eval-asplos-2009.pdf,"ASPLOS 2009, author PDF: §2 TRIPS System Overview, PDF pp.2–3: EDGE ISA and block outputs; §2, PDF p.3: TRIPS Microarchitecture; §2, PDF pp.3–4: TRIPS Compiler",確認したTRIPS資料では「過去の失敗を近傍candidateの評価へ反映する」を判定する記載を確認できない。機能の不存在・独自性を意味しない。,X2はinvalid/timeoutを観測。Raveilの距離減衰penalty/尾部保持との一致は未確認、既知negative-transfer研究を追加比較。
C24,過去の失敗を近傍candidateの評価へ反映する,Python実装,部分重複,raveil/policy.py:NearestExperiencePolicy.rank; tests/test_minimum.py:test_low_memory_experience_avoids_known_invalid_keep_candidate,EDGE,U,E1,https://www.cs.utexas.edu/~cart/trips/publications/computer04.pdf,"IEEE Computer, July 2004, pp.44–55: Architecture Comparisons, printed p.45 / PDF p.2; EDGE ISA discussion, printed p.46 / PDF p.3; TRIPS architecture discussion, printed p.47 / PDF p.4",確認したEDGE資料では「過去の失敗を近傍candidateの評価へ反映する」を判定する記載を確認できない。機能の不存在・独自性を意味しない。,X2はinvalid/timeoutを観測。Raveilの距離減衰penalty/尾部保持との一致は未確認、既知negative-transfer研究を追加比較。
C24,過去の失敗を近傍candidateの評価へ反映する,Python実装,部分重複,raveil/policy.py:NearestExperiencePolicy.rank; tests/test_minimum.py:test_low_memory_experience_avoids_known_invalid_keep_candidate,CGRA,U,A1,https://cecs.uci.edu/~papers/date08/PAPERS/2004/DATE04/PDFFILES/09G_2.PDF,"DATE 2004, 6-page conference paper: §2 ADRES Architecture Overview, PDF pp.1–2; §3 C-Based Design Flow, PDF pp.2–3",確認したCGRA資料では「過去の失敗を近傍candidateの評価へ反映する」を判定する記載を確認できない。機能の不存在・独自性を意味しない。,X2はinvalid/timeoutを観測。Raveilの距離減衰penalty/尾部保持との一致は未確認、既知negative-transfer研究を追加比較。
C24,過去の失敗を近傍candidateの評価へ反映する,Python実装,部分重複,raveil/policy.py:NearestExperiencePolicy.rank; tests/test_minimum.py:test_low_memory_experience_avoids_known_invalid_keep_candidate,dataflow machine,U,D1; D2,https://cartheur.com/Files/manchester-data-flow.pdf; https://homes.cs.washington.edu/~oskin/wavescalar.pdf,"CACM 28(1), January 1985, pp.34–52: printed pp.34–39 / PDF pp.1–6: graphs, firing rules, static versus dynamic dataflow; printed p.39 / PDF p.6: matching unit, tags, token queue, instruction store; MICRO-36 2003, 12-page author PDF: §1 Introduction, PDF pp.1–2: resident instructions in WaveCache; §3, wave-ordered memory; §4 WaveCache architecture",確認したdataflow machine資料では「過去の失敗を近傍candidateの評価へ反映する」を判定する記載を確認できない。機能の不存在・独自性を意味しない。,X2はinvalid/timeoutを観測。Raveilの距離減衰penalty/尾部保持との一致は未確認、既知negative-transfer研究を追加比較。
C25,将来の再利用回数を含む総費用で最適化投資を判断する,研究仮説；T-0058 open,部分重複,docs/VISION.md §Economic objective; docs/EXPERIENCE.md; TODO.md T-0058,Groq,U,G1,https://www.researchgate.net/publication/342914141_Think_Fast_A_Tensor_Streaming_Processor_TSP_for_Accelerating_Deep_Learning_Workloads,"ISCA 2020; DOI 10.1109/ISCA45697.2020.00023; author upload 2022-01-24: §I.A–B, printed pp.146–147: functional slicing / parallel lanes and streams; §II Architecture Overview, printed p.147; §II.C staggered instruction execution; §II, printed p.147 and §II.B memory bandwidth; §III.A instruction fetching",確認したGroq資料では「将来の再利用回数を含む総費用で最適化投資を判断する」を判定する記載を確認できない。機能の不存在・独自性を意味しない。,X2/X3は探索費用の償却・再利用が先行。検証/rollback/storage込みの純便益を測る必要。
C25,将来の再利用回数を含む総費用で最適化投資を判断する,研究仮説；T-0058 open,部分重複,docs/VISION.md §Economic objective; docs/EXPERIENCE.md; TODO.md T-0058,SambaNova,U,S1,https://hc33.hotchips.org/assets/program/conference/day2/SambaNova%20HotChips%202021%20Aug%2023%20v1.pdf,"Hot Chips 33, 2021-08-24: slides 5–6: SambaFlow / spatial compilation; slides 11–16: tile, PCU, PMU, address generation, switch; slides 4, 11: host and RDU connectivity",確認したSambaNova資料では「将来の再利用回数を含む総費用で最適化投資を判断する」を判定する記載を確認できない。機能の不存在・独自性を意味しない。,X2/X3は探索費用の償却・再利用が先行。検証/rollback/storage込みの純便益を測る必要。
C25,将来の再利用回数を含む総費用で最適化投資を判断する,研究仮説；T-0058 open,部分重複,docs/VISION.md §Economic objective; docs/EXPERIENCE.md; TODO.md T-0058,Graphcore,U,I1; I2,https://docs.graphcore.ai/projects/ipu-programmers-guide/en/3.3.0/about_ipu.html; https://docs.graphcore.ai/projects/ipu-programmers-guide/en/3.3.0/programming_model.html,"SDK guide 3.3.0: §2.1 Memory architecture; §2.2 Execution; §2.3 Tile architecture; SDK guide 3.3.0: §3.2.1 Data variables; §3.2.2 Copying data and executing compute sets; §3.2.4 Compute sets; §3.2.3 Control flow: sequences, conditionals and loops; §3.5.1 Variable liveness",確認したGraphcore資料では「将来の再利用回数を含む総費用で最適化投資を判断する」を判定する記載を確認できない。機能の不存在・独自性を意味しない。,X2/X3は探索費用の償却・再利用が先行。検証/rollback/storage込みの純便益を測る必要。
C25,将来の再利用回数を含む総費用で最適化投資を判断する,研究仮説；T-0058 open,部分重複,docs/VISION.md §Economic objective; docs/EXPERIENCE.md; TODO.md T-0058,Cerebras,U,C1,https://cerebras-sdk-docs-140.netlify.app/computing-with-cerebras,Cerebras SDK documentation 1.4.0: A processing element (PE); The programming model; Programs and Tasks; Task IDs and Types of Tasks; Communication; Communication and examples of @bind_data_task,確認したCerebras資料では「将来の再利用回数を含む総費用で最適化投資を判断する」を判定する記載を確認できない。機能の不存在・独自性を意味しない。,X2/X3は探索費用の償却・再利用が先行。検証/rollback/storage込みの純便益を測る必要。
C25,将来の再利用回数を含む総費用で最適化投資を判断する,研究仮説；T-0058 open,部分重複,docs/VISION.md §Economic objective; docs/EXPERIENCE.md; TODO.md T-0058,Tenstorrent,U,T1,https://docs.tenstorrent.com/tt-metal/v0.59.0/tt-metalium/tt_metal/examples/eltwise_binary.html,TT-Metalium v0.59.0: Circular buffers; Data movement and compute kernels; Host code / CreateKernel / EnqueueWriteBuffer; reader and compute kernel listings,確認したTenstorrent資料では「将来の再利用回数を含む総費用で最適化投資を判断する」を判定する記載を確認できない。機能の不存在・独自性を意味しない。,X2/X3は探索費用の償却・再利用が先行。検証/rollback/storage込みの純便益を測る必要。
C25,将来の再利用回数を含む総費用で最適化投資を判断する,研究仮説；T-0058 open,部分重複,docs/VISION.md §Economic objective; docs/EXPERIENCE.md; TODO.md T-0058,Plasticine,U,P1,https://csl.stanford.edu/~christos/publications/2017.plasticine.isca.pdf,"ISCA 2017; DOI 10.1145/3079856.3080256: §2 Parallel Patterns, PDF pp.2–3; §3.1 PCU / §3.2 PMU, PDF pp.4–5; §3.3 Interconnect / §3.4 Off-chip Memory Access, PDF p.6; §3.5 Control Flow, PDF pp.6–7",確認したPlasticine資料では「将来の再利用回数を含む総費用で最適化投資を判断する」を判定する記載を確認できない。機能の不存在・独自性を意味しない。,X2/X3は探索費用の償却・再利用が先行。検証/rollback/storage込みの純便益を測る必要。
C25,将来の再利用回数を含む総費用で最適化投資を判断する,研究仮説；T-0058 open,部分重複,docs/VISION.md §Economic objective; docs/EXPERIENCE.md; TODO.md T-0058,TRIPS,U,R1,https://www.cs.utexas.edu/~mckinley/papers/trips-eval-asplos-2009.pdf,"ASPLOS 2009, author PDF: §2 TRIPS System Overview, PDF pp.2–3: EDGE ISA and block outputs; §2, PDF p.3: TRIPS Microarchitecture; §2, PDF pp.3–4: TRIPS Compiler",確認したTRIPS資料では「将来の再利用回数を含む総費用で最適化投資を判断する」を判定する記載を確認できない。機能の不存在・独自性を意味しない。,X2/X3は探索費用の償却・再利用が先行。検証/rollback/storage込みの純便益を測る必要。
C25,将来の再利用回数を含む総費用で最適化投資を判断する,研究仮説；T-0058 open,部分重複,docs/VISION.md §Economic objective; docs/EXPERIENCE.md; TODO.md T-0058,EDGE,U,E1,https://www.cs.utexas.edu/~cart/trips/publications/computer04.pdf,"IEEE Computer, July 2004, pp.44–55: Architecture Comparisons, printed p.45 / PDF p.2; EDGE ISA discussion, printed p.46 / PDF p.3; TRIPS architecture discussion, printed p.47 / PDF p.4",確認したEDGE資料では「将来の再利用回数を含む総費用で最適化投資を判断する」を判定する記載を確認できない。機能の不存在・独自性を意味しない。,X2/X3は探索費用の償却・再利用が先行。検証/rollback/storage込みの純便益を測る必要。
C25,将来の再利用回数を含む総費用で最適化投資を判断する,研究仮説；T-0058 open,部分重複,docs/VISION.md §Economic objective; docs/EXPERIENCE.md; TODO.md T-0058,CGRA,P,A1,https://cecs.uci.edu/~papers/date08/PAPERS/2004/DATE04/PDFFILES/09G_2.PDF,"§3 C-Based Design Flow, PDF pp.2–3",時間を占めるkernel選択とconfiguration overheadを考慮。全lifetime ROIではない。,X2/X3は探索費用の償却・再利用が先行。検証/rollback/storage込みの純便益を測る必要。
C25,将来の再利用回数を含む総費用で最適化投資を判断する,研究仮説；T-0058 open,部分重複,docs/VISION.md §Economic objective; docs/EXPERIENCE.md; TODO.md T-0058,dataflow machine,U,D1; D2,https://cartheur.com/Files/manchester-data-flow.pdf; https://homes.cs.washington.edu/~oskin/wavescalar.pdf,"CACM 28(1), January 1985, pp.34–52: printed pp.34–39 / PDF pp.1–6: graphs, firing rules, static versus dynamic dataflow; printed p.39 / PDF p.6: matching unit, tags, token queue, instruction store; MICRO-36 2003, 12-page author PDF: §1 Introduction, PDF pp.1–2: resident instructions in WaveCache; §3, wave-ordered memory; §4 WaveCache architecture",確認したdataflow machine資料では「将来の再利用回数を含む総費用で最適化投資を判断する」を判定する記載を確認できない。機能の不存在・独自性を意味しない。,X2/X3は探索費用の償却・再利用が先行。検証/rollback/storage込みの純便益を測る必要。
C26,等予算下でbounded Experienceがcoldよりlatency/energyを各5%以上改善する,事前登録仮説は否定済み,否定済み,docs/experiments/EXP-0003-gate1-bounded-experience.md §Final pinned TVM result and disposition; docs/STATUS.md,Groq,U,G1,https://www.researchgate.net/publication/342914141_Think_Fast_A_Tensor_Streaming_Processor_TSP_for_Accelerating_Deep_Learning_Workloads,"ISCA 2020; DOI 10.1109/ISCA45697.2020.00023; author upload 2022-01-24: §I.A–B, printed pp.146–147: functional slicing / parallel lanes and streams; §II Architecture Overview, printed p.147; §II.C staggered instruction execution; §II, printed p.147 and §II.B memory bandwidth; §III.A instruction fetching",このRaveil固有の比較/新規性命題は相手の機構説明では決着しない。claim個別判定と必要実験を参照。,EXP-0003の固定Cとpinned TVMの対象条件に限定。両中央値改善0。Experience一般やGraph hardwareの反証にはしない。
C26,等予算下でbounded Experienceがcoldよりlatency/energyを各5%以上改善する,事前登録仮説は否定済み,否定済み,docs/experiments/EXP-0003-gate1-bounded-experience.md §Final pinned TVM result and disposition; docs/STATUS.md,SambaNova,U,S1,https://hc33.hotchips.org/assets/program/conference/day2/SambaNova%20HotChips%202021%20Aug%2023%20v1.pdf,"Hot Chips 33, 2021-08-24: slides 5–6: SambaFlow / spatial compilation; slides 11–16: tile, PCU, PMU, address generation, switch; slides 4, 11: host and RDU connectivity",このRaveil固有の比較/新規性命題は相手の機構説明では決着しない。claim個別判定と必要実験を参照。,EXP-0003の固定Cとpinned TVMの対象条件に限定。両中央値改善0。Experience一般やGraph hardwareの反証にはしない。
C26,等予算下でbounded Experienceがcoldよりlatency/energyを各5%以上改善する,事前登録仮説は否定済み,否定済み,docs/experiments/EXP-0003-gate1-bounded-experience.md §Final pinned TVM result and disposition; docs/STATUS.md,Graphcore,U,I1; I2,https://docs.graphcore.ai/projects/ipu-programmers-guide/en/3.3.0/about_ipu.html; https://docs.graphcore.ai/projects/ipu-programmers-guide/en/3.3.0/programming_model.html,"SDK guide 3.3.0: §2.1 Memory architecture; §2.2 Execution; §2.3 Tile architecture; SDK guide 3.3.0: §3.2.1 Data variables; §3.2.2 Copying data and executing compute sets; §3.2.4 Compute sets; §3.2.3 Control flow: sequences, conditionals and loops; §3.5.1 Variable liveness",このRaveil固有の比較/新規性命題は相手の機構説明では決着しない。claim個別判定と必要実験を参照。,EXP-0003の固定Cとpinned TVMの対象条件に限定。両中央値改善0。Experience一般やGraph hardwareの反証にはしない。
C26,等予算下でbounded Experienceがcoldよりlatency/energyを各5%以上改善する,事前登録仮説は否定済み,否定済み,docs/experiments/EXP-0003-gate1-bounded-experience.md §Final pinned TVM result and disposition; docs/STATUS.md,Cerebras,U,C1,https://cerebras-sdk-docs-140.netlify.app/computing-with-cerebras,Cerebras SDK documentation 1.4.0: A processing element (PE); The programming model; Programs and Tasks; Task IDs and Types of Tasks; Communication; Communication and examples of @bind_data_task,このRaveil固有の比較/新規性命題は相手の機構説明では決着しない。claim個別判定と必要実験を参照。,EXP-0003の固定Cとpinned TVMの対象条件に限定。両中央値改善0。Experience一般やGraph hardwareの反証にはしない。
C26,等予算下でbounded Experienceがcoldよりlatency/energyを各5%以上改善する,事前登録仮説は否定済み,否定済み,docs/experiments/EXP-0003-gate1-bounded-experience.md §Final pinned TVM result and disposition; docs/STATUS.md,Tenstorrent,U,T1,https://docs.tenstorrent.com/tt-metal/v0.59.0/tt-metalium/tt_metal/examples/eltwise_binary.html,TT-Metalium v0.59.0: Circular buffers; Data movement and compute kernels; Host code / CreateKernel / EnqueueWriteBuffer; reader and compute kernel listings,このRaveil固有の比較/新規性命題は相手の機構説明では決着しない。claim個別判定と必要実験を参照。,EXP-0003の固定Cとpinned TVMの対象条件に限定。両中央値改善0。Experience一般やGraph hardwareの反証にはしない。
C26,等予算下でbounded Experienceがcoldよりlatency/energyを各5%以上改善する,事前登録仮説は否定済み,否定済み,docs/experiments/EXP-0003-gate1-bounded-experience.md §Final pinned TVM result and disposition; docs/STATUS.md,Plasticine,U,P1,https://csl.stanford.edu/~christos/publications/2017.plasticine.isca.pdf,"ISCA 2017; DOI 10.1145/3079856.3080256: §2 Parallel Patterns, PDF pp.2–3; §3.1 PCU / §3.2 PMU, PDF pp.4–5; §3.3 Interconnect / §3.4 Off-chip Memory Access, PDF p.6; §3.5 Control Flow, PDF pp.6–7",このRaveil固有の比較/新規性命題は相手の機構説明では決着しない。claim個別判定と必要実験を参照。,EXP-0003の固定Cとpinned TVMの対象条件に限定。両中央値改善0。Experience一般やGraph hardwareの反証にはしない。
C26,等予算下でbounded Experienceがcoldよりlatency/energyを各5%以上改善する,事前登録仮説は否定済み,否定済み,docs/experiments/EXP-0003-gate1-bounded-experience.md §Final pinned TVM result and disposition; docs/STATUS.md,TRIPS,U,R1,https://www.cs.utexas.edu/~mckinley/papers/trips-eval-asplos-2009.pdf,"ASPLOS 2009, author PDF: §2 TRIPS System Overview, PDF pp.2–3: EDGE ISA and block outputs; §2, PDF p.3: TRIPS Microarchitecture; §2, PDF pp.3–4: TRIPS Compiler",このRaveil固有の比較/新規性命題は相手の機構説明では決着しない。claim個別判定と必要実験を参照。,EXP-0003の固定Cとpinned TVMの対象条件に限定。両中央値改善0。Experience一般やGraph hardwareの反証にはしない。
C26,等予算下でbounded Experienceがcoldよりlatency/energyを各5%以上改善する,事前登録仮説は否定済み,否定済み,docs/experiments/EXP-0003-gate1-bounded-experience.md §Final pinned TVM result and disposition; docs/STATUS.md,EDGE,U,E1,https://www.cs.utexas.edu/~cart/trips/publications/computer04.pdf,"IEEE Computer, July 2004, pp.44–55: Architecture Comparisons, printed p.45 / PDF p.2; EDGE ISA discussion, printed p.46 / PDF p.3; TRIPS architecture discussion, printed p.47 / PDF p.4",このRaveil固有の比較/新規性命題は相手の機構説明では決着しない。claim個別判定と必要実験を参照。,EXP-0003の固定Cとpinned TVMの対象条件に限定。両中央値改善0。Experience一般やGraph hardwareの反証にはしない。
C26,等予算下でbounded Experienceがcoldよりlatency/energyを各5%以上改善する,事前登録仮説は否定済み,否定済み,docs/experiments/EXP-0003-gate1-bounded-experience.md §Final pinned TVM result and disposition; docs/STATUS.md,CGRA,U,A1,https://cecs.uci.edu/~papers/date08/PAPERS/2004/DATE04/PDFFILES/09G_2.PDF,"DATE 2004, 6-page conference paper: §2 ADRES Architecture Overview, PDF pp.1–2; §3 C-Based Design Flow, PDF pp.2–3",このRaveil固有の比較/新規性命題は相手の機構説明では決着しない。claim個別判定と必要実験を参照。,EXP-0003の固定Cとpinned TVMの対象条件に限定。両中央値改善0。Experience一般やGraph hardwareの反証にはしない。
C26,等予算下でbounded Experienceがcoldよりlatency/energyを各5%以上改善する,事前登録仮説は否定済み,否定済み,docs/experiments/EXP-0003-gate1-bounded-experience.md §Final pinned TVM result and disposition; docs/STATUS.md,dataflow machine,U,D1; D2,https://cartheur.com/Files/manchester-data-flow.pdf; https://homes.cs.washington.edu/~oskin/wavescalar.pdf,"CACM 28(1), January 1985, pp.34–52: printed pp.34–39 / PDF pp.1–6: graphs, firing rules, static versus dynamic dataflow; printed p.39 / PDF p.6: matching unit, tags, token queue, instruction store; MICRO-36 2003, 12-page author PDF: §1 Introduction, PDF pp.1–2: resident instructions in WaveCache; §3, wave-ordered memory; §4 WaveCache architecture",このRaveil固有の比較/新規性命題は相手の機構説明では決着しない。claim個別判定と必要実験を参照。,EXP-0003の固定Cとpinned TVMの対象条件に限定。両中央値改善0。Experience一般やGraph hardwareの反証にはしない。
C27,Graphがmatched CPUより全lifecycle費用で有利になる,未検証仮説,未検証,RFC-0005 §Matched controls and accounting; TODO.md T-0044; docs/STATUS.md,Groq,U,G1,https://www.researchgate.net/publication/342914141_Think_Fast_A_Tensor_Streaming_Processor_TSP_for_Accelerating_Deep_Learning_Workloads,"ISCA 2020; DOI 10.1109/ISCA45697.2020.00023; author upload 2022-01-24: §I.A–B, printed pp.146–147: functional slicing / parallel lanes and streams; §II Architecture Overview, printed p.147; §II.C staggered instruction execution; §II, printed p.147 and §II.B memory bandwidth; §III.A instruction fetching",このRaveil固有の比較/新規性命題は相手の機構説明では決着しない。claim個別判定と必要実験を参照。,相手の性能表は証拠にならない。同一演算/資源/メモリとcold/warm反復、area/timing、検証・fallback費用が必要。
C27,Graphがmatched CPUより全lifecycle費用で有利になる,未検証仮説,未検証,RFC-0005 §Matched controls and accounting; TODO.md T-0044; docs/STATUS.md,SambaNova,U,S1,https://hc33.hotchips.org/assets/program/conference/day2/SambaNova%20HotChips%202021%20Aug%2023%20v1.pdf,"Hot Chips 33, 2021-08-24: slides 5–6: SambaFlow / spatial compilation; slides 11–16: tile, PCU, PMU, address generation, switch; slides 4, 11: host and RDU connectivity",このRaveil固有の比較/新規性命題は相手の機構説明では決着しない。claim個別判定と必要実験を参照。,相手の性能表は証拠にならない。同一演算/資源/メモリとcold/warm反復、area/timing、検証・fallback費用が必要。
C27,Graphがmatched CPUより全lifecycle費用で有利になる,未検証仮説,未検証,RFC-0005 §Matched controls and accounting; TODO.md T-0044; docs/STATUS.md,Graphcore,U,I1; I2,https://docs.graphcore.ai/projects/ipu-programmers-guide/en/3.3.0/about_ipu.html; https://docs.graphcore.ai/projects/ipu-programmers-guide/en/3.3.0/programming_model.html,"SDK guide 3.3.0: §2.1 Memory architecture; §2.2 Execution; §2.3 Tile architecture; SDK guide 3.3.0: §3.2.1 Data variables; §3.2.2 Copying data and executing compute sets; §3.2.4 Compute sets; §3.2.3 Control flow: sequences, conditionals and loops; §3.5.1 Variable liveness",このRaveil固有の比較/新規性命題は相手の機構説明では決着しない。claim個別判定と必要実験を参照。,相手の性能表は証拠にならない。同一演算/資源/メモリとcold/warm反復、area/timing、検証・fallback費用が必要。
C27,Graphがmatched CPUより全lifecycle費用で有利になる,未検証仮説,未検証,RFC-0005 §Matched controls and accounting; TODO.md T-0044; docs/STATUS.md,Cerebras,U,C1,https://cerebras-sdk-docs-140.netlify.app/computing-with-cerebras,Cerebras SDK documentation 1.4.0: A processing element (PE); The programming model; Programs and Tasks; Task IDs and Types of Tasks; Communication; Communication and examples of @bind_data_task,このRaveil固有の比較/新規性命題は相手の機構説明では決着しない。claim個別判定と必要実験を参照。,相手の性能表は証拠にならない。同一演算/資源/メモリとcold/warm反復、area/timing、検証・fallback費用が必要。
C27,Graphがmatched CPUより全lifecycle費用で有利になる,未検証仮説,未検証,RFC-0005 §Matched controls and accounting; TODO.md T-0044; docs/STATUS.md,Tenstorrent,U,T1,https://docs.tenstorrent.com/tt-metal/v0.59.0/tt-metalium/tt_metal/examples/eltwise_binary.html,TT-Metalium v0.59.0: Circular buffers; Data movement and compute kernels; Host code / CreateKernel / EnqueueWriteBuffer; reader and compute kernel listings,このRaveil固有の比較/新規性命題は相手の機構説明では決着しない。claim個別判定と必要実験を参照。,相手の性能表は証拠にならない。同一演算/資源/メモリとcold/warm反復、area/timing、検証・fallback費用が必要。
C27,Graphがmatched CPUより全lifecycle費用で有利になる,未検証仮説,未検証,RFC-0005 §Matched controls and accounting; TODO.md T-0044; docs/STATUS.md,Plasticine,U,P1,https://csl.stanford.edu/~christos/publications/2017.plasticine.isca.pdf,"ISCA 2017; DOI 10.1145/3079856.3080256: §2 Parallel Patterns, PDF pp.2–3; §3.1 PCU / §3.2 PMU, PDF pp.4–5; §3.3 Interconnect / §3.4 Off-chip Memory Access, PDF p.6; §3.5 Control Flow, PDF pp.6–7",このRaveil固有の比較/新規性命題は相手の機構説明では決着しない。claim個別判定と必要実験を参照。,相手の性能表は証拠にならない。同一演算/資源/メモリとcold/warm反復、area/timing、検証・fallback費用が必要。
C27,Graphがmatched CPUより全lifecycle費用で有利になる,未検証仮説,未検証,RFC-0005 §Matched controls and accounting; TODO.md T-0044; docs/STATUS.md,TRIPS,U,R1,https://www.cs.utexas.edu/~mckinley/papers/trips-eval-asplos-2009.pdf,"ASPLOS 2009, author PDF: §2 TRIPS System Overview, PDF pp.2–3: EDGE ISA and block outputs; §2, PDF p.3: TRIPS Microarchitecture; §2, PDF pp.3–4: TRIPS Compiler",このRaveil固有の比較/新規性命題は相手の機構説明では決着しない。claim個別判定と必要実験を参照。,相手の性能表は証拠にならない。同一演算/資源/メモリとcold/warm反復、area/timing、検証・fallback費用が必要。
C27,Graphがmatched CPUより全lifecycle費用で有利になる,未検証仮説,未検証,RFC-0005 §Matched controls and accounting; TODO.md T-0044; docs/STATUS.md,EDGE,U,E1,https://www.cs.utexas.edu/~cart/trips/publications/computer04.pdf,"IEEE Computer, July 2004, pp.44–55: Architecture Comparisons, printed p.45 / PDF p.2; EDGE ISA discussion, printed p.46 / PDF p.3; TRIPS architecture discussion, printed p.47 / PDF p.4",このRaveil固有の比較/新規性命題は相手の機構説明では決着しない。claim個別判定と必要実験を参照。,相手の性能表は証拠にならない。同一演算/資源/メモリとcold/warm反復、area/timing、検証・fallback費用が必要。
C27,Graphがmatched CPUより全lifecycle費用で有利になる,未検証仮説,未検証,RFC-0005 §Matched controls and accounting; TODO.md T-0044; docs/STATUS.md,CGRA,U,A1,https://cecs.uci.edu/~papers/date08/PAPERS/2004/DATE04/PDFFILES/09G_2.PDF,"DATE 2004, 6-page conference paper: §2 ADRES Architecture Overview, PDF pp.1–2; §3 C-Based Design Flow, PDF pp.2–3",このRaveil固有の比較/新規性命題は相手の機構説明では決着しない。claim個別判定と必要実験を参照。,相手の性能表は証拠にならない。同一演算/資源/メモリとcold/warm反復、area/timing、検証・fallback費用が必要。
C27,Graphがmatched CPUより全lifecycle費用で有利になる,未検証仮説,未検証,RFC-0005 §Matched controls and accounting; TODO.md T-0044; docs/STATUS.md,dataflow machine,U,D1; D2,https://cartheur.com/Files/manchester-data-flow.pdf; https://homes.cs.washington.edu/~oskin/wavescalar.pdf,"CACM 28(1), January 1985, pp.34–52: printed pp.34–39 / PDF pp.1–6: graphs, firing rules, static versus dynamic dataflow; printed p.39 / PDF p.6: matching unit, tags, token queue, instruction store; MICRO-36 2003, 12-page author PDF: §1 Introduction, PDF pp.1–2: resident instructions in WaveCache; §3, wave-ordered memory; §4 WaveCache architecture",このRaveil固有の比較/新規性命題は相手の機構説明では決着しない。claim個別判定と必要実験を参照。,相手の性能表は証拠にならない。同一演算/資源/メモリとcold/warm反復、area/timing、検証・fallback費用が必要。
C28,契約・検証・Experienceの統合自体が既存方式にない,調査対象の推論；既存記録は未主張,未確立,docs/research/reviews/2026-08-09-RFC-0001-industry-prior-art.md §Adoptable research framing,Groq,U,G1,https://www.researchgate.net/publication/342914141_Think_Fast_A_Tensor_Streaming_Processor_TSP_for_Accelerating_Deep_Learning_Workloads,"ISCA 2020; DOI 10.1109/ISCA45697.2020.00023; author upload 2022-01-24: §I.A–B, printed pp.146–147: functional slicing / parallel lanes and streams; §II Architecture Overview, printed p.147; §II.C staggered instruction execution; §II, printed p.147 and §II.B memory bandwidth; §III.A instruction fetching",このRaveil固有の比較/新規性命題は相手の機構説明では決着しない。claim個別判定と必要実験を参照。,部品が既知でも統合新規とも非新規とも即断しない。単一先行systemの全要素対応とcontrolled ablationが必要。
C28,契約・検証・Experienceの統合自体が既存方式にない,調査対象の推論；既存記録は未主張,未確立,docs/research/reviews/2026-08-09-RFC-0001-industry-prior-art.md §Adoptable research framing,SambaNova,U,S1,https://hc33.hotchips.org/assets/program/conference/day2/SambaNova%20HotChips%202021%20Aug%2023%20v1.pdf,"Hot Chips 33, 2021-08-24: slides 5–6: SambaFlow / spatial compilation; slides 11–16: tile, PCU, PMU, address generation, switch; slides 4, 11: host and RDU connectivity",このRaveil固有の比較/新規性命題は相手の機構説明では決着しない。claim個別判定と必要実験を参照。,部品が既知でも統合新規とも非新規とも即断しない。単一先行systemの全要素対応とcontrolled ablationが必要。
C28,契約・検証・Experienceの統合自体が既存方式にない,調査対象の推論；既存記録は未主張,未確立,docs/research/reviews/2026-08-09-RFC-0001-industry-prior-art.md §Adoptable research framing,Graphcore,U,I1; I2,https://docs.graphcore.ai/projects/ipu-programmers-guide/en/3.3.0/about_ipu.html; https://docs.graphcore.ai/projects/ipu-programmers-guide/en/3.3.0/programming_model.html,"SDK guide 3.3.0: §2.1 Memory architecture; §2.2 Execution; §2.3 Tile architecture; SDK guide 3.3.0: §3.2.1 Data variables; §3.2.2 Copying data and executing compute sets; §3.2.4 Compute sets; §3.2.3 Control flow: sequences, conditionals and loops; §3.5.1 Variable liveness",このRaveil固有の比較/新規性命題は相手の機構説明では決着しない。claim個別判定と必要実験を参照。,部品が既知でも統合新規とも非新規とも即断しない。単一先行systemの全要素対応とcontrolled ablationが必要。
C28,契約・検証・Experienceの統合自体が既存方式にない,調査対象の推論；既存記録は未主張,未確立,docs/research/reviews/2026-08-09-RFC-0001-industry-prior-art.md §Adoptable research framing,Cerebras,U,C1,https://cerebras-sdk-docs-140.netlify.app/computing-with-cerebras,Cerebras SDK documentation 1.4.0: A processing element (PE); The programming model; Programs and Tasks; Task IDs and Types of Tasks; Communication; Communication and examples of @bind_data_task,このRaveil固有の比較/新規性命題は相手の機構説明では決着しない。claim個別判定と必要実験を参照。,部品が既知でも統合新規とも非新規とも即断しない。単一先行systemの全要素対応とcontrolled ablationが必要。
C28,契約・検証・Experienceの統合自体が既存方式にない,調査対象の推論；既存記録は未主張,未確立,docs/research/reviews/2026-08-09-RFC-0001-industry-prior-art.md §Adoptable research framing,Tenstorrent,U,T1,https://docs.tenstorrent.com/tt-metal/v0.59.0/tt-metalium/tt_metal/examples/eltwise_binary.html,TT-Metalium v0.59.0: Circular buffers; Data movement and compute kernels; Host code / CreateKernel / EnqueueWriteBuffer; reader and compute kernel listings,このRaveil固有の比較/新規性命題は相手の機構説明では決着しない。claim個別判定と必要実験を参照。,部品が既知でも統合新規とも非新規とも即断しない。単一先行systemの全要素対応とcontrolled ablationが必要。
C28,契約・検証・Experienceの統合自体が既存方式にない,調査対象の推論；既存記録は未主張,未確立,docs/research/reviews/2026-08-09-RFC-0001-industry-prior-art.md §Adoptable research framing,Plasticine,U,P1,https://csl.stanford.edu/~christos/publications/2017.plasticine.isca.pdf,"ISCA 2017; DOI 10.1145/3079856.3080256: §2 Parallel Patterns, PDF pp.2–3; §3.1 PCU / §3.2 PMU, PDF pp.4–5; §3.3 Interconnect / §3.4 Off-chip Memory Access, PDF p.6; §3.5 Control Flow, PDF pp.6–7",このRaveil固有の比較/新規性命題は相手の機構説明では決着しない。claim個別判定と必要実験を参照。,部品が既知でも統合新規とも非新規とも即断しない。単一先行systemの全要素対応とcontrolled ablationが必要。
C28,契約・検証・Experienceの統合自体が既存方式にない,調査対象の推論；既存記録は未主張,未確立,docs/research/reviews/2026-08-09-RFC-0001-industry-prior-art.md §Adoptable research framing,TRIPS,U,R1,https://www.cs.utexas.edu/~mckinley/papers/trips-eval-asplos-2009.pdf,"ASPLOS 2009, author PDF: §2 TRIPS System Overview, PDF pp.2–3: EDGE ISA and block outputs; §2, PDF p.3: TRIPS Microarchitecture; §2, PDF pp.3–4: TRIPS Compiler",このRaveil固有の比較/新規性命題は相手の機構説明では決着しない。claim個別判定と必要実験を参照。,部品が既知でも統合新規とも非新規とも即断しない。単一先行systemの全要素対応とcontrolled ablationが必要。
C28,契約・検証・Experienceの統合自体が既存方式にない,調査対象の推論；既存記録は未主張,未確立,docs/research/reviews/2026-08-09-RFC-0001-industry-prior-art.md §Adoptable research framing,EDGE,U,E1,https://www.cs.utexas.edu/~cart/trips/publications/computer04.pdf,"IEEE Computer, July 2004, pp.44–55: Architecture Comparisons, printed p.45 / PDF p.2; EDGE ISA discussion, printed p.46 / PDF p.3; TRIPS architecture discussion, printed p.47 / PDF p.4",このRaveil固有の比較/新規性命題は相手の機構説明では決着しない。claim個別判定と必要実験を参照。,部品が既知でも統合新規とも非新規とも即断しない。単一先行systemの全要素対応とcontrolled ablationが必要。
C28,契約・検証・Experienceの統合自体が既存方式にない,調査対象の推論；既存記録は未主張,未確立,docs/research/reviews/2026-08-09-RFC-0001-industry-prior-art.md §Adoptable research framing,CGRA,U,A1,https://cecs.uci.edu/~papers/date08/PAPERS/2004/DATE04/PDFFILES/09G_2.PDF,"DATE 2004, 6-page conference paper: §2 ADRES Architecture Overview, PDF pp.1–2; §3 C-Based Design Flow, PDF pp.2–3",このRaveil固有の比較/新規性命題は相手の機構説明では決着しない。claim個別判定と必要実験を参照。,部品が既知でも統合新規とも非新規とも即断しない。単一先行systemの全要素対応とcontrolled ablationが必要。
C28,契約・検証・Experienceの統合自体が既存方式にない,調査対象の推論；既存記録は未主張,未確立,docs/research/reviews/2026-08-09-RFC-0001-industry-prior-art.md §Adoptable research framing,dataflow machine,U,D1; D2,https://cartheur.com/Files/manchester-data-flow.pdf; https://homes.cs.washington.edu/~oskin/wavescalar.pdf,"CACM 28(1), January 1985, pp.34–52: printed pp.34–39 / PDF pp.1–6: graphs, firing rules, static versus dynamic dataflow; printed p.39 / PDF p.6: matching unit, tags, token queue, instruction store; MICRO-36 2003, 12-page author PDF: §1 Introduction, PDF pp.1–2: resident instructions in WaveCache; §3, wave-ordered memory; §4 WaveCache architecture",このRaveil固有の比較/新規性命題は相手の機構説明では決着しない。claim個別判定と必要実験を参照。,部品が既知でも統合新規とも非新規とも即断しない。単一先行systemの全要素対応とcontrolled ablationが必要。
